PR,URL,Title,Content type,Is rendered page,HTTP status code,Organic traffic,Is indexable page,Canonical URL,Canonical URL code,Canonical URL patch,Canonical URL patch status,No. of canonical inlinks,No. of all inlinks,First found at
5,https://www.visitbanjarmasin.id/en,Visit Banjarmasin | Tourism & Cultural Exploration Portal,text/html; charset=utf-8,false,200,0,false,https://visitbanjarmasin.id/en,308,,,0,92,https://visitbanjarmasin.id/en
5,https://www.visitbanjarmasin.id/zh,马辰旅游官方指南：探索千河之城景点与文化 | Visit Banjarmasin,text/html; charset=utf-8,false,200,0,false,https://visitbanjarmasin.id/zh,308,,,0,92,https://visitbanjarmasin.id/zh
5,https://www.visitbanjarmasin.id/,Visit Banjarmasin | Portal Eksplorasi Wisata & Budaya,text/html; charset=utf-8,false,200,0,false,https://visitbanjarmasin.id/,308,,,0,94,
5,https://www.visitbanjarmasin.id/wisata,Destinasi Wisata Unggulan & Susur Sungai | Visit Banjarmasin,text/html; charset=utf-8,false,200,0,false,https://visitbanjarmasin.id/wisata,308,,,0,93,https://www.visitbanjarmasin.id/
5,https://www.visitbanjarmasin.id/zh/wisata,马辰顶级旅游目的地与水上市场游船指南 | Visit Banjarmasin,text/html; charset=utf-8,false,200,0,false,https://visitbanjarmasin.id/zh/wisata,308,,,0,92,https://visitbanjarmasin.id/zh/wisata
5,https://www.visitbanjarmasin.id/ms,Visit Banjarmasin | Portal Penerokaan Pelancongan & Budaya,text/html; charset=utf-8,false,200,0,false,https://visitbanjarmasin.id/ms,308,,,0,92,https://visitbanjarmasin.id/ms
5,https://www.visitbanjarmasin.id/en/wisata,Top Tourist Destinations & River Tours | Visit Banjarmasin,text/html; charset=utf-8,false,200,0,false,https://visitbanjarmasin.id/en/wisata,308,,,0,92,https://visitbanjarmasin.id/en/wisata
5,https://www.visitbanjarmasin.id/ms/wisata,Destinasi Pelancongan Menarik & Susur Sungai | Visit Banjarmasin,text/html; charset=utf-8,false,200,0,false,https://visitbanjarmasin.id/ms/wisata,308,,,0,92,https://visitbanjarmasin.id/ms/wisata
1,https://www.visitbanjarmasin.id/en/profil,City Profile & Vision of Banjarmasin | Visit Banjarmasin,text/html; charset=utf-8,false,200,0,false,https://visitbanjarmasin.id/en/profil,308,,,0,14,https://visitbanjarmasin.id/en/profil
1,https://www.visitbanjarmasin.id/zh/budaya,班查传统艺术、Sasirangan织物与文化遗产 | Visit Banjarmasin,text/html; charset=utf-8,false,200,0,false,https://visitbanjarmasin.id/zh/budaya,308,,,0,14,https://visitbanjarmasin.id/zh/budaya
1,https://www.visitbanjarmasin.id/culture-verse,Virtual Tour 3D Museum Banjar | Visit Banjarmasin,text/html; charset=utf-8,false,200,0,false,https://visitbanjarmasin.id/culture-verse,308,,,0,15,https://www.visitbanjarmasin.id/
1,https://www.visitbanjarmasin.id/zh/panduan,马辰旅游实用指南：BRT公交线路与交通贴士 | Visit Banjarmasin,text/html; charset=utf-8,false,200,0,false,https://visitbanjarmasin.id/zh/panduan,308,,,0,15,https://visitbanjarmasin.id/zh/panduan
1,https://www.visitbanjarmasin.id/zh/kuliner,正宗班查传统美食与特色小吃指南 | Visit Banjarmasin,text/html; charset=utf-8,false,200,0,false,https://visitbanjarmasin.id/zh/kuliner,308,,,0,14,https://visitbanjarmasin.id/zh/kuliner
1,https://www.visitbanjarmasin.id/zh/culture-verse,3D虚拟博物馆之旅与文化探索 | 马辰旅游,text/html; charset=utf-8,false,200,0,false,https://visitbanjarmasin.id/zh/culture-verse,308,,,0,15,https://visitbanjarmasin.id/zh/culture-verse
1,https://www.visitbanjarmasin.id/zh/profil,马辰城市概况与千河之城发展愿景 | Visit Banjarmasin,text/html; charset=utf-8,false,200,0,false,https://visitbanjarmasin.id/zh/profil,308,,,0,14,https://visitbanjarmasin.id/zh/profil
1,https://www.visitbanjarmasin.id/kuliner,Kuliner Khas & Rumah Makan Legendaris | Visit Banjarmasin,text/html; charset=utf-8,false,200,0,false,https://visitbanjarmasin.id/kuliner,308,,,0,15,https://www.visitbanjarmasin.id/
1,https://www.visitbanjarmasin.id/sejarah,Jejak Sejarah 1526 & Kesultanan Banjar | Visit Banjarmasin,text/html; charset=utf-8,false,200,0,false,https://visitbanjarmasin.id/sejarah,308,,,0,14,https://www.visitbanjarmasin.id/
1,https://www.visitbanjarmasin.id/ms/culture-verse,Lawatan Maya 3D Muzium Banjar | Visit Banjarmasin,text/html; charset=utf-8,false,200,0,false,https://visitbanjarmasin.id/ms/culture-verse,308,,,0,15,https://visitbanjarmasin.id/ms/culture-verse
1,https://www.visitbanjarmasin.id/ms/panduan,"Panduan Pelancongan, Hotel & Pengangkutan Awam | Visit Banjarmasin",text/html; charset=utf-8,false,200,0,false,https://visitbanjarmasin.id/ms/panduan,308,,,0,15,https://visitbanjarmasin.id/ms/panduan
1,https://www.visitbanjarmasin.id/profil,"Profil Kota Banjarmasin: Visi, Pimpinan & Tata Kota | Visit Banjarmasin",text/html; charset=utf-8,false,200,0,false,https://visitbanjarmasin.id/profil,308,,,0,14,https://www.visitbanjarmasin.id/
1,https://www.visitbanjarmasin.id/en/smart-city,Smart City Innovation & Live Public CCTV | Visit Banjarmasin,text/html; charset=utf-8,false,200,0,false,https://visitbanjarmasin.id/en/smart-city,308,,,0,14,https://visitbanjarmasin.id/en/smart-city
1,https://www.visitbanjarmasin.id/ms/smart-city,Inovasi Bandar Pintar & CCTV Awam Langsung | Visit Banjarmasin,text/html; charset=utf-8,false,200,0,false,https://visitbanjarmasin.id/ms/smart-city,308,,,0,14,https://visitbanjarmasin.id/ms/smart-city
1,https://www.visitbanjarmasin.id/panduan,"Panduan Wisata, Hotel & Transportasi BRT | Visit Banjarmasin",text/html; charset=utf-8,false,200,0,false,https://visitbanjarmasin.id/panduan,308,,,0,15,https://www.visitbanjarmasin.id/
1,https://www.visitbanjarmasin.id/smart-city,Inovasi Smart City & CCTV Publik Live | Visit Banjarmasin,text/html; charset=utf-8,false,200,0,false,https://visitbanjarmasin.id/smart-city,308,,,0,14,https://www.visitbanjarmasin.id/
1,https://www.visitbanjarmasin.id/ms/sejarah,Jejak Sejarah 1526 & Kesultanan Banjar | Visit Banjarmasin,text/html; charset=utf-8,false,200,0,false,https://visitbanjarmasin.id/ms/sejarah,308,,,0,14,https://visitbanjarmasin.id/ms/sejarah
1,https://www.visitbanjarmasin.id/ms/kuliner,Kulinari Khas & Makanan Tradisi Banjar | Visit Banjarmasin,text/html; charset=utf-8,false,200,0,false,https://visitbanjarmasin.id/ms/kuliner,308,,,0,14,https://visitbanjarmasin.id/ms/kuliner
1,https://www.visitbanjarmasin.id/ms/budaya,Seni & Budaya Banjar: Sasirangan & Warisan | Visit Banjarmasin,text/html; charset=utf-8,false,200,0,false,https://visitbanjarmasin.id/ms/budaya,308,,,0,14,https://visitbanjarmasin.id/ms/budaya
1,https://www.visitbanjarmasin.id/en/panduan,"Travel Guide, Hotels & BRT Public Transport | Visit Banjarmasin",text/html; charset=utf-8,false,200,0,false,https://visitbanjarmasin.id/en/panduan,308,,,0,15,https://visitbanjarmasin.id/en/panduan
1,https://www.visitbanjarmasin.id/en/kuliner,Authentic Culinary & Banjar Food Guide | Visit Banjarmasin,text/html; charset=utf-8,false,200,0,false,https://visitbanjarmasin.id/en/kuliner,308,,,0,14,https://visitbanjarmasin.id/en/kuliner
1,https://www.visitbanjarmasin.id/en/sejarah,Historical Traces & 1526 Banjar Sultanate | Visit Banjarmasin,text/html; charset=utf-8,false,200,0,false,https://visitbanjarmasin.id/en/sejarah,308,,,0,14,https://visitbanjarmasin.id/en/sejarah
1,https://www.visitbanjarmasin.id/zh/sejarah,班查苏丹国历史与马辰历史遗迹探索 | Visit Banjarmasin,text/html; charset=utf-8,false,200,0,false,https://visitbanjarmasin.id/zh/sejarah,308,,,0,14,https://visitbanjarmasin.id/zh/sejarah
1,https://www.visitbanjarmasin.id/en/culture-verse,3D Virtual Museum Tour | Visit Banjarmasin,text/html; charset=utf-8,false,200,0,false,https://visitbanjarmasin.id/en/culture-verse,308,,,0,15,https://visitbanjarmasin.id/en/culture-verse
1,https://www.visitbanjarmasin.id/ms/profil,Profil Bandar Banjarmasin: Visi & Kemajuan | Visit Banjarmasin,text/html; charset=utf-8,false,200,0,false,https://visitbanjarmasin.id/ms/profil,308,,,0,14,https://visitbanjarmasin.id/ms/profil
1,https://www.visitbanjarmasin.id/budaya,Seni & Budaya Banjar: Sasirangan & Warisan | Visit Banjarmasin,text/html; charset=utf-8,false,200,0,false,https://visitbanjarmasin.id/budaya,308,,,0,15,https://www.visitbanjarmasin.id/
1,https://www.visitbanjarmasin.id/en/budaya,"Arts, Heritage & Banjar Culture Guide | Visit Banjarmasin",text/html; charset=utf-8,false,200,0,false,https://visitbanjarmasin.id/en/budaya,308,,,0,14,https://visitbanjarmasin.id/en/budaya
1,https://www.visitbanjarmasin.id/zh/smart-city,马辰智慧城市：数字化转型与公共闭路电视 | Visit Banjarmasin,text/html; charset=utf-8,false,200,0,false,https://visitbanjarmasin.id/zh/smart-city,308,,,0,14,https://visitbanjarmasin.id/zh/smart-city
0,https://www.visitbanjarmasin.id/zh/explore/oleh-oleh-khas-di-kuin,Oleh-oleh Khas di Kuin（班贾尔马辛）| 马辰旅游,text/html; charset=utf-8,false,200,0,false,https://visitbanjarmasin.id/zh/explore/oleh-oleh-khas-di-kuin,308,,,0,1,https://visitbanjarmasin.id/zh/explore/oleh-oleh-khas-di-kuin
0,https://www.visitbanjarmasin.id/zh/explore/tempat-wisata-di-sultan-adam,Tempat Wisata di Sultan Adam（班贾尔马辛）| 马辰旅游,text/html; charset=utf-8,false,200,0,false,https://visitbanjarmasin.id/zh/explore/tempat-wisata-di-sultan-adam,308,,,0,1,https://visitbanjarmasin.id/zh/explore/tempat-wisata-di-sultan-adam
0,https://www.visitbanjarmasin.id/zh/explore/hotel-murah-di-banjarmasin-timur,Hotel Murah di Banjarmasin Timur（班贾尔马辛）| 马辰旅游,text/html; charset=utf-8,false,200,0,false,https://visitbanjarmasin.id/zh/explore/hotel-murah-di-banjarmasin-timur,308,,,0,1,https://visitbanjarmasin.id/zh/explore/hotel-murah-di-banjarmasin-timur
0,https://www.visitbanjarmasin.id/explore/tempat-wisata-di-banjarmasin-timur,Tempat Wisata di Banjarmasin Timur | Visit Banjarmasin,text/html; charset=utf-8,false,200,0,false,https://visitbanjarmasin.id/explore/tempat-wisata-di-banjarmasin-timur,308,,,0,1,https://visitbanjarmasin.id/explore/tempat-wisata-di-banjarmasin-timur
0,https://www.visitbanjarmasin.id/en/explore/wisata-kuliner-di-kuin,Wisata Kuliner di Kuin in Banjarmasin | Visit Banjarmasin,text/html; charset=utf-8,false,200,0,false,https://visitbanjarmasin.id/en/explore/wisata-kuliner-di-kuin,308,,,0,1,https://visitbanjarmasin.id/en/explore/wisata-kuliner-di-kuin
0,https://www.visitbanjarmasin.id/ms/explore/wisata-kuliner-di-banjarmasin-timur,Wisata Kuliner di Banjarmasin Timur di Banjarmasin | Visit Banjarmasin,text/html; charset=utf-8,false,200,0,false,https://visitbanjarmasin.id/ms/explore/wisata-kuliner-di-banjarmasin-timur,308,,,0,1,https://visitbanjarmasin.id/ms/explore/wisata-kuliner-di-banjarmasin-timur
0,https://www.visitbanjarmasin.id/explore/oleh-oleh-khas-di-kayutangi,Oleh-oleh Khas di Kayutangi | Visit Banjarmasin,text/html; charset=utf-8,false,200,0,false,https://visitbanjarmasin.id/explore/oleh-oleh-khas-di-kayutangi,308,,,0,1,https://visitbanjarmasin.id/explore/oleh-oleh-khas-di-kayutangi
0,https://www.visitbanjarmasin.id/zh/explore/wisata-kuliner-di-gatot-subroto,Wisata Kuliner di Gatot Subroto（班贾尔马辛）| 马辰旅游,text/html; charset=utf-8,false,200,0,false,https://visitbanjarmasin.id/zh/explore/wisata-kuliner-di-gatot-subroto,308,,,0,1,https://visitbanjarmasin.id/zh/explore/wisata-kuliner-di-gatot-subroto
0,https://www.visitbanjarmasin.id/ms/explore/tempat-nongkrong-di-sultan-adam,Tempat Nongkrong di Sultan Adam di Banjarmasin | Visit Banjarmasin,text/html; charset=utf-8,false,200,0,false,https://visitbanjarmasin.id/ms/explore/tempat-nongkrong-di-sultan-adam,308,,,0,1,https://visitbanjarmasin.id/ms/explore/tempat-nongkrong-di-sultan-adam
0,https://www.visitbanjarmasin.id/zh/explore/tempat-wisata-di-kayutangi,Tempat Wisata di Kayutangi（班贾尔马辛）| 马辰旅游,text/html; charset=utf-8,false,200,0,false,https://visitbanjarmasin.id/zh/explore/tempat-wisata-di-kayutangi,308,,,0,1,https://visitbanjarmasin.id/zh/explore/tempat-wisata-di-kayutangi
0,https://www.visitbanjarmasin.id/zh/explore/tempat-wisata-di-banjarmasin-barat,Tempat Wisata di Banjarmasin Barat（班贾尔马辛）| 马辰旅游,text/html; charset=utf-8,false,200,0,false,https://visitbanjarmasin.id/zh/explore/tempat-wisata-di-banjarmasin-barat,308,,,0,1,https://visitbanjarmasin.id/zh/explore/tempat-wisata-di-banjarmasin-barat
0,https://www.visitbanjarmasin.id/zh/explore/oleh-oleh-khas-di-banjarmasin-selatan,Oleh-oleh Khas di Banjarmasin Selatan（班贾尔马辛）| 马辰旅游,text/html; charset=utf-8,false,200,0,false,https://visitbanjarmasin.id/zh/explore/oleh-oleh-khas-di-banjarmasin-selatan,308,,,0,1,https://visitbanjarmasin.id/zh/explore/oleh-oleh-khas-di-banjarmasin-selatan
0,https://www.visitbanjarmasin.id/zh/explore/hotel-murah-di-kuin,Hotel Murah di Kuin（班贾尔马辛）| 马辰旅游,text/html; charset=utf-8,false,200,0,false,https://visitbanjarmasin.id/zh/explore/hotel-murah-di-kuin,308,,,0,1,https://visitbanjarmasin.id/zh/explore/hotel-murah-di-kuin
0,https://www.visitbanjarmasin.id/en/explore/wisata-kuliner-di-kayutangi,Wisata Kuliner di Kayutangi in Banjarmasin | Visit Banjarmasin,text/html; charset=utf-8,false,200,0,false,https://visitbanjarmasin.id/en/explore/wisata-kuliner-di-kayutangi,308,,,0,1,https://visitbanjarmasin.id/en/explore/wisata-kuliner-di-kayutangi
0,https://www.visitbanjarmasin.id/zh/explore/oleh-oleh-khas-di-banjarmasin-timur,Oleh-oleh Khas di Banjarmasin Timur（班贾尔马辛）| 马辰旅游,text/html; charset=utf-8,false,200,0,false,https://visitbanjarmasin.id/zh/explore/oleh-oleh-khas-di-banjarmasin-timur,308,,,0,1,https://visitbanjarmasin.id/zh/explore/oleh-oleh-khas-di-banjarmasin-timur
0,https://www.visitbanjarmasin.id/zh/explore/hotel-murah-di-kayutangi,Hotel Murah di Kayutangi（班贾尔马辛）| 马辰旅游,text/html; charset=utf-8,false,200,0,false,https://visitbanjarmasin.id/zh/explore/hotel-murah-di-kayutangi,308,,,0,1,https://visitbanjarmasin.id/zh/explore/hotel-murah-di-kayutangi
0,https://www.visitbanjarmasin.id/ms/explore/sewa-mobil-di-kayutangi,Sewa Mobil di Kayutangi di Banjarmasin | Visit Banjarmasin,text/html; charset=utf-8,false,200,0,false,https://visitbanjarmasin.id/ms/explore/sewa-mobil-di-kayutangi,308,,,0,1,https://visitbanjarmasin.id/ms/explore/sewa-mobil-di-kayutangi
0,https://www.visitbanjarmasin.id/en/blog/sejarah-pasar-terapung-lok-baintan,The Long History of Lok Baintan Floating Market Banjarmasin Tourism | Visit Banjarmasin Blog,text/html; charset=utf-8,false,200,0,false,https://visitbanjarmasin.id/en/blog/sejarah-pasar-terapung-lok-baintan,308,,,0,5,https://visitbanjarmasin.id/en/blog/sejarah-pasar-terapung-lok-baintan
0,https://www.visitbanjarmasin.id/zh/explore/wisata-malam-di-banjarmasin-timur,Wisata Malam di Banjarmasin Timur（班贾尔马辛）| 马辰旅游,text/html; charset=utf-8,false,200,0,false,https://visitbanjarmasin.id/zh/explore/wisata-malam-di-banjarmasin-timur,308,,,0,1,https://visitbanjarmasin.id/zh/explore/wisata-malam-di-banjarmasin-timur
0,https://www.visitbanjarmasin.id/explore/hotel-murah-di-banjarmasin-utara,Hotel Murah di Banjarmasin Utara | Visit Banjarmasin,text/html; charset=utf-8,false,200,0,false,https://visitbanjarmasin.id/explore/hotel-murah-di-banjarmasin-utara,308,,,0,1,https://visitbanjarmasin.id/explore/hotel-murah-di-banjarmasin-utara
0,https://www.visitbanjarmasin.id/ms/explore/tempat-nongkrong-di-kuin,Tempat Nongkrong di Kuin di Banjarmasin | Visit Banjarmasin,text/html; charset=utf-8,false,200,0,false,https://visitbanjarmasin.id/ms/explore/tempat-nongkrong-di-kuin,308,,,0,1,https://visitbanjarmasin.id/ms/explore/tempat-nongkrong-di-kuin
0,https://www.visitbanjarmasin.id/en/explore/oleh-oleh-khas-di-kuin,Oleh-oleh Khas di Kuin in Banjarmasin | Visit Banjarmasin,text/html; charset=utf-8,false,200,0,false,https://visitbanjarmasin.id/en/explore/oleh-oleh-khas-di-kuin,308,,,0,1,https://visitbanjarmasin.id/en/explore/oleh-oleh-khas-di-kuin
0,https://www.visitbanjarmasin.id/explore/hotel-murah-di-gatot-subroto,Hotel Murah di Gatot Subroto | Visit Banjarmasin,text/html; charset=utf-8,false,200,0,false,https://visitbanjarmasin.id/explore/hotel-murah-di-gatot-subroto,308,,,0,1,https://visitbanjarmasin.id/explore/hotel-murah-di-gatot-subroto
0,https://www.visitbanjarmasin.id/ms/explore/tempat-wisata-di-banjarmasin-selatan,Tempat Wisata di Banjarmasin Selatan di Banjarmasin | Visit Banjarmasin,text/html; charset=utf-8,false,200,0,false,https://visitbanjarmasin.id/ms/explore/tempat-wisata-di-banjarmasin-selatan,308,,,0,1,https://visitbanjarmasin.id/ms/explore/tempat-wisata-di-banjarmasin-selatan
0,https://www.visitbanjarmasin.id/ms/explore/sewa-mobil-di-gatot-subroto,Sewa Mobil di Gatot Subroto di Banjarmasin | Visit Banjarmasin,text/html; charset=utf-8,false,200,0,false,https://visitbanjarmasin.id/ms/explore/sewa-mobil-di-gatot-subroto,308,,,0,1,https://visitbanjarmasin.id/ms/explore/sewa-mobil-di-gatot-subroto
0,https://www.visitbanjarmasin.id/ms/blog/sejarah-pasar-terapung-lok-baintan,Sejarah Panjang Pasar Terapung Lok Baintan Pelancongan Banjarmasin | Visit Banjarmasin Blog,text/html; charset=utf-8,false,200,0,false,https://visitbanjarmasin.id/ms/blog/sejarah-pasar-terapung-lok-baintan,308,,,0,5,https://visitbanjarmasin.id/ms/blog/sejarah-pasar-terapung-lok-baintan
0,https://www.visitbanjarmasin.id/explore/wisata-kuliner-di-kuin,Wisata Kuliner di Kuin | Visit Banjarmasin,text/html; charset=utf-8,false,200,0,false,https://visitbanjarmasin.id/explore/wisata-kuliner-di-kuin,308,,,0,1,https://visitbanjarmasin.id/explore/wisata-kuliner-di-kuin
0,https://www.visitbanjarmasin.id/zh/explore/tempat-nongkrong-di-sungai-andai,Tempat Nongkrong di Sungai Andai（班贾尔马辛）| 马辰旅游,text/html; charset=utf-8,false,200,0,false,https://visitbanjarmasin.id/zh/explore/tempat-nongkrong-di-sungai-andai,308,,,0,1,https://visitbanjarmasin.id/zh/explore/tempat-nongkrong-di-sungai-andai
0,https://www.visitbanjarmasin.id/ms/explore/sewa-mobil-di-sungai-andai,Sewa Mobil di Sungai Andai di Banjarmasin | Visit Banjarmasin,text/html; charset=utf-8,false,200,0,false,https://visitbanjarmasin.id/ms/explore/sewa-mobil-di-sungai-andai,308,,,0,1,https://visitbanjarmasin.id/ms/explore/sewa-mobil-di-sungai-andai
0,https://www.visitbanjarmasin.id/ms/explore/sewa-mobil-di-banjarmasin-tengah,Sewa Mobil di Banjarmasin Tengah di Banjarmasin | Visit Banjarmasin,text/html; charset=utf-8,false,200,0,false,https://visitbanjarmasin.id/ms/explore/sewa-mobil-di-banjarmasin-tengah,308,,,0,1,https://visitbanjarmasin.id/ms/explore/sewa-mobil-di-banjarmasin-tengah
0,https://www.visitbanjarmasin.id/zh/blog/5-tempat-nongkrong-di-banjarmasin,马辰河畔的 5 个必去的下午休闲场所 | Visit Banjarmasin Blog,text/html; charset=utf-8,false,200,0,false,https://visitbanjarmasin.id/zh/blog/5-tempat-nongkrong-di-banjarmasin,308,,,0,5,https://visitbanjarmasin.id/zh/blog/5-tempat-nongkrong-di-banjarmasin
0,https://www.visitbanjarmasin.id/ms/explore/wisata-kuliner-di-kayutangi,Wisata Kuliner di Kayutangi di Banjarmasin | Visit Banjarmasin,text/html; charset=utf-8,false,200,0,false,https://visitbanjarmasin.id/ms/explore/wisata-kuliner-di-kayutangi,308,,,0,1,https://visitbanjarmasin.id/ms/explore/wisata-kuliner-di-kayutangi
0,https://www.visitbanjarmasin.id/zh/explore/sewa-mobil-di-banjarmasin-selatan,Sewa Mobil di Banjarmasin Selatan（班贾尔马辛）| 马辰旅游,text/html; charset=utf-8,false,200,0,false,https://visitbanjarmasin.id/zh/explore/sewa-mobil-di-banjarmasin-selatan,308,,,0,1,https://visitbanjarmasin.id/zh/explore/sewa-mobil-di-banjarmasin-selatan
0,https://www.visitbanjarmasin.id/zh/explore/tempat-wisata-di-gatot-subroto,Tempat Wisata di Gatot Subroto（班贾尔马辛）| 马辰旅游,text/html; charset=utf-8,false,200,0,false,https://visitbanjarmasin.id/zh/explore/tempat-wisata-di-gatot-subroto,308,,,0,1,https://visitbanjarmasin.id/zh/explore/tempat-wisata-di-gatot-subroto
0,https://www.visitbanjarmasin.id/ms/blog/filosofi-wastra-kain-sasirangan-banjar,Keajaiban Wastra: Makna Falsafah Di Sebalik Motif Kain Sasirangan | Visit Banjarmasin Blog,text/html; charset=utf-8,false,200,0,false,https://visitbanjarmasin.id/ms/blog/filosofi-wastra-kain-sasirangan-banjar,308,,,0,5,https://visitbanjarmasin.id/ms/blog/filosofi-wastra-kain-sasirangan-banjar
0,https://www.visitbanjarmasin.id/ms/explore/tempat-nongkrong-di-sungai-andai,Tempat Nongkrong di Sungai Andai di Banjarmasin | Visit Banjarmasin,text/html; charset=utf-8,false,200,0,false,https://visitbanjarmasin.id/ms/explore/tempat-nongkrong-di-sungai-andai,308,,,0,1,https://visitbanjarmasin.id/ms/explore/tempat-nongkrong-di-sungai-andai
0,https://www.visitbanjarmasin.id/explore/tempat-nongkrong-di-banjarmasin-utara,Tempat Nongkrong di Banjarmasin Utara | Visit Banjarmasin,text/html; charset=utf-8,false,200,0,false,https://visitbanjarmasin.id/explore/tempat-nongkrong-di-banjarmasin-utara,308,,,0,1,https://visitbanjarmasin.id/explore/tempat-nongkrong-di-banjarmasin-utara
0,https://www.visitbanjarmasin.id/zh/explore/oleh-oleh-khas-di-kayutangi,Oleh-oleh Khas di Kayutangi（班贾尔马辛）| 马辰旅游,text/html; charset=utf-8,false,200,0,false,https://visitbanjarmasin.id/zh/explore/oleh-oleh-khas-di-kayutangi,308,,,0,1,https://visitbanjarmasin.id/zh/explore/oleh-oleh-khas-di-kayutangi
0,https://www.visitbanjarmasin.id/zh/explore/wisata-kuliner-di-banjarmasin-timur,Wisata Kuliner di Banjarmasin Timur（班贾尔马辛）| 马辰旅游,text/html; charset=utf-8,false,200,0,false,https://visitbanjarmasin.id/zh/explore/wisata-kuliner-di-banjarmasin-timur,308,,,0,1,https://visitbanjarmasin.id/zh/explore/wisata-kuliner-di-banjarmasin-timur
0,https://www.visitbanjarmasin.id/explore/tempat-wisata-di-banjarmasin-barat,Tempat Wisata di Banjarmasin Barat | Visit Banjarmasin,text/html; charset=utf-8,false,200,0,false,https://visitbanjarmasin.id/explore/tempat-wisata-di-banjarmasin-barat,308,,,0,1,https://visitbanjarmasin.id/explore/tempat-wisata-di-banjarmasin-barat
0,https://www.visitbanjarmasin.id/explore/tempat-nongkrong-di-sultan-adam,Tempat Nongkrong di Sultan Adam | Visit Banjarmasin,text/html; charset=utf-8,false,200,0,false,https://visitbanjarmasin.id/explore/tempat-nongkrong-di-sultan-adam,308,,,0,1,https://visitbanjarmasin.id/explore/tempat-nongkrong-di-sultan-adam
0,https://www.visitbanjarmasin.id/ms/explore/sewa-mobil-di-sultan-adam,Sewa Mobil di Sultan Adam di Banjarmasin | Visit Banjarmasin,text/html; charset=utf-8,false,200,0,false,https://visitbanjarmasin.id/ms/explore/sewa-mobil-di-sultan-adam,308,,,0,1,https://visitbanjarmasin.id/ms/explore/sewa-mobil-di-sultan-adam
0,https://www.visitbanjarmasin.id/explore/tempat-nongkrong-di-kuin,Tempat Nongkrong di Kuin | Visit Banjarmasin,text/html; charset=utf-8,false,200,0,false,https://visitbanjarmasin.id/explore/tempat-nongkrong-di-kuin,308,,,0,1,https://visitbanjarmasin.id/explore/tempat-nongkrong-di-kuin
0,https://www.visitbanjarmasin.id/en/explore/wisata-malam-di-kayutangi,Wisata Malam di Kayutangi in Banjarmasin | Visit Banjarmasin,text/html; charset=utf-8,false,200,0,false,https://visitbanjarmasin.id/en/explore/wisata-malam-di-kayutangi,308,,,0,1,https://visitbanjarmasin.id/en/explore/wisata-malam-di-kayutangi
0,https://www.visitbanjarmasin.id/zh/explore/oleh-oleh-khas-di-lok-baintan,Oleh-oleh Khas di Lok Baintan（班贾尔马辛）| 马辰旅游,text/html; charset=utf-8,false,200,0,false,https://visitbanjarmasin.id/zh/explore/oleh-oleh-khas-di-lok-baintan,308,,,0,1,https://visitbanjarmasin.id/zh/explore/oleh-oleh-khas-di-lok-baintan
0,https://www.visitbanjarmasin.id/ms/explore/wisata-kuliner-di-banjarmasin-selatan,Wisata Kuliner di Banjarmasin Selatan di Banjarmasin | Visit Banjarmasin,text/html; charset=utf-8,false,200,0,false,https://visitbanjarmasin.id/ms/explore/wisata-kuliner-di-banjarmasin-selatan,308,,,0,1,https://visitbanjarmasin.id/ms/explore/wisata-kuliner-di-banjarmasin-selatan
0,https://www.visitbanjarmasin.id/explore/wisata-kuliner-di-banjarmasin-tengah,Wisata Kuliner di Banjarmasin Tengah | Visit Banjarmasin,text/html; charset=utf-8,false,200,0,false,https://visitbanjarmasin.id/explore/wisata-kuliner-di-banjarmasin-tengah,308,,,0,1,https://visitbanjarmasin.id/explore/wisata-kuliner-di-banjarmasin-tengah
0,https://www.visitbanjarmasin.id/explore/tempat-wisata-di-kayutangi,Tempat Wisata di Kayutangi | Visit Banjarmasin,text/html; charset=utf-8,false,200,0,false,https://visitbanjarmasin.id/explore/tempat-wisata-di-kayutangi,308,,,0,1,https://visitbanjarmasin.id/explore/tempat-wisata-di-kayutangi
0,https://www.visitbanjarmasin.id/en/explore/hotel-murah-di-kayutangi,Hotel Murah di Kayutangi in Banjarmasin | Visit Banjarmasin,text/html; charset=utf-8,false,200,0,false,https://visitbanjarmasin.id/en/explore/hotel-murah-di-kayutangi,308,,,0,1,https://visitbanjarmasin.id/en/explore/hotel-murah-di-kayutangi
0,https://www.visitbanjarmasin.id/en/explore/tempat-wisata-di-sultan-adam,Tempat Wisata di Sultan Adam in Banjarmasin | Visit Banjarmasin,text/html; charset=utf-8,false,200,0,false,https://visitbanjarmasin.id/en/explore/tempat-wisata-di-sultan-adam,308,,,0,1,https://visitbanjarmasin.id/en/explore/tempat-wisata-di-sultan-adam
0,https://www.visitbanjarmasin.id/zh/explore/tempat-nongkrong-di-gatot-subroto,Tempat Nongkrong di Gatot Subroto（班贾尔马辛）| 马辰旅游,text/html; charset=utf-8,false,200,0,false,https://visitbanjarmasin.id/zh/explore/tempat-nongkrong-di-gatot-subroto,308,,,0,1,https://visitbanjarmasin.id/zh/explore/tempat-nongkrong-di-gatot-subroto
0,https://www.visitbanjarmasin.id/ms/explore/tempat-nongkrong-di-banjarmasin-utara,Tempat Nongkrong di Banjarmasin Utara di Banjarmasin | Visit Banjarmasin,text/html; charset=utf-8,false,200,0,false,https://visitbanjarmasin.id/ms/explore/tempat-nongkrong-di-banjarmasin-utara,308,,,0,1,https://visitbanjarmasin.id/ms/explore/tempat-nongkrong-di-banjarmasin-utara
0,https://www.visitbanjarmasin.id/en/explore/wisata-kuliner-di-lok-baintan,Wisata Kuliner di Lok Baintan in Banjarmasin | Visit Banjarmasin,text/html; charset=utf-8,false,200,0,false,https://visitbanjarmasin.id/en/explore/wisata-kuliner-di-lok-baintan,308,,,0,1,https://visitbanjarmasin.id/en/explore/wisata-kuliner-di-lok-baintan
0,https://www.visitbanjarmasin.id/en/explore/wisata-kuliner-di-banjarmasin-timur,Wisata Kuliner di Banjarmasin Timur in Banjarmasin | Visit Banjarmasin,text/html; charset=utf-8,false,200,0,false,https://visitbanjarmasin.id/en/explore/wisata-kuliner-di-banjarmasin-timur,308,,,0,1,https://visitbanjarmasin.id/en/explore/wisata-kuliner-di-banjarmasin-timur
0,https://www.visitbanjarmasin.id/zh/explore/tempat-wisata-di-banjarmasin-tengah,Tempat Wisata di Banjarmasin Tengah（班贾尔马辛）| 马辰旅游,text/html; charset=utf-8,false,200,0,false,https://visitbanjarmasin.id/zh/explore/tempat-wisata-di-banjarmasin-tengah,308,,,0,1,https://visitbanjarmasin.id/zh/explore/tempat-wisata-di-banjarmasin-tengah
0,https://www.visitbanjarmasin.id/ms/explore/wisata-kuliner-di-sungai-andai,Wisata Kuliner di Sungai Andai di Banjarmasin | Visit Banjarmasin,text/html; charset=utf-8,false,200,0,false,https://visitbanjarmasin.id/ms/explore/wisata-kuliner-di-sungai-andai,308,,,0,1,https://visitbanjarmasin.id/ms/explore/wisata-kuliner-di-sungai-andai
0,https://www.visitbanjarmasin.id/zh/explore/tempat-nongkrong-di-banjarmasin-tengah,Tempat Nongkrong di Banjarmasin Tengah（班贾尔马辛）| 马辰旅游,text/html; charset=utf-8,false,200,0,false,https://visitbanjarmasin.id/zh/explore/tempat-nongkrong-di-banjarmasin-tengah,308,,,0,1,https://visitbanjarmasin.id/zh/explore/tempat-nongkrong-di-banjarmasin-tengah
0,https://www.visitbanjarmasin.id/explore/tempat-nongkrong-di-banjarmasin-timur,Tempat Nongkrong di Banjarmasin Timur | Visit Banjarmasin,text/html; charset=utf-8,false,200,0,false,https://visitbanjarmasin.id/explore/tempat-nongkrong-di-banjarmasin-timur,308,,,0,1,https://visitbanjarmasin.id/explore/tempat-nongkrong-di-banjarmasin-timur
0,https://www.visitbanjarmasin.id/ms/explore/wisata-malam-di-kuin,Wisata Malam di Kuin di Banjarmasin | Visit Banjarmasin,text/html; charset=utf-8,false,200,0,false,https://visitbanjarmasin.id/ms/explore/wisata-malam-di-kuin,308,,,0,1,https://visitbanjarmasin.id/ms/explore/wisata-malam-di-kuin
0,https://www.visitbanjarmasin.id/zh/explore/wisata-malam-di-kayutangi,Wisata Malam di Kayutangi（班贾尔马辛）| 马辰旅游,text/html; charset=utf-8,false,200,0,false,https://visitbanjarmasin.id/zh/explore/wisata-malam-di-kayutangi,308,,,0,1,https://visitbanjarmasin.id/zh/explore/wisata-malam-di-kayutangi
0,https://www.visitbanjarmasin.id/zh/explore/hotel-murah-di-banjarmasin-selatan,Hotel Murah di Banjarmasin Selatan（班贾尔马辛）| 马辰旅游,text/html; charset=utf-8,false,200,0,false,https://visitbanjarmasin.id/zh/explore/hotel-murah-di-banjarmasin-selatan,308,,,0,1,https://visitbanjarmasin.id/zh/explore/hotel-murah-di-banjarmasin-selatan
0,https://www.visitbanjarmasin.id/explore/sewa-mobil-di-banjarmasin-selatan,Sewa Mobil di Banjarmasin Selatan | Visit Banjarmasin,text/html; charset=utf-8,false,200,0,false,https://visitbanjarmasin.id/explore/sewa-mobil-di-banjarmasin-selatan,308,,,0,1,https://visitbanjarmasin.id/explore/sewa-mobil-di-banjarmasin-selatan
0,https://www.visitbanjarmasin.id/explore/hotel-murah-di-sungai-andai,Hotel Murah di Sungai Andai | Visit Banjarmasin,text/html; charset=utf-8,false,200,0,false,https://visitbanjarmasin.id/explore/hotel-murah-di-sungai-andai,308,,,0,1,https://visitbanjarmasin.id/explore/hotel-murah-di-sungai-andai
0,https://www.visitbanjarmasin.id/explore/tempat-wisata-di-banjarmasin-selatan,Tempat Wisata di Banjarmasin Selatan | Visit Banjarmasin,text/html; charset=utf-8,false,200,0,false,https://visitbanjarmasin.id/explore/tempat-wisata-di-banjarmasin-selatan,308,,,0,1,https://visitbanjarmasin.id/explore/tempat-wisata-di-banjarmasin-selatan
0,https://www.visitbanjarmasin.id/zh/explore/wisata-malam-di-banjarmasin-barat,Wisata Malam di Banjarmasin Barat（班贾尔马辛）| 马辰旅游,text/html; charset=utf-8,false,200,0,false,https://visitbanjarmasin.id/zh/explore/wisata-malam-di-banjarmasin-barat,308,,,0,1,https://visitbanjarmasin.id/zh/explore/wisata-malam-di-banjarmasin-barat
0,https://www.visitbanjarmasin.id/explore/tempat-wisata-di-sungai-andai,Tempat Wisata di Sungai Andai | Visit Banjarmasin,text/html; charset=utf-8,false,200,0,false,https://visitbanjarmasin.id/explore/tempat-wisata-di-sungai-andai,308,,,0,1,https://visitbanjarmasin.id/explore/tempat-wisata-di-sungai-andai
0,https://www.visitbanjarmasin.id/zh/explore/tempat-nongkrong-di-banjarmasin-utara,Tempat Nongkrong di Banjarmasin Utara（班贾尔马辛）| 马辰旅游,text/html; charset=utf-8,false,200,0,false,https://visitbanjarmasin.id/zh/explore/tempat-nongkrong-di-banjarmasin-utara,308,,,0,1,https://visitbanjarmasin.id/zh/explore/tempat-nongkrong-di-banjarmasin-utara
0,https://www.visitbanjarmasin.id/ms/explore/oleh-oleh-khas-di-sultan-adam,Oleh-oleh Khas di Sultan Adam di Banjarmasin | Visit Banjarmasin,text/html; charset=utf-8,false,200,0,false,https://visitbanjarmasin.id/ms/explore/oleh-oleh-khas-di-sultan-adam,308,,,0,1,https://visitbanjarmasin.id/ms/explore/oleh-oleh-khas-di-sultan-adam
0,https://www.visitbanjarmasin.id/ms/explore/oleh-oleh-khas-di-banjarmasin-selatan,Oleh-oleh Khas di Banjarmasin Selatan di Banjarmasin | Visit Banjarmasin,text/html; charset=utf-8,false,200,0,false,https://visitbanjarmasin.id/ms/explore/oleh-oleh-khas-di-banjarmasin-selatan,308,,,0,1,https://visitbanjarmasin.id/ms/explore/oleh-oleh-khas-di-banjarmasin-selatan
0,https://www.visitbanjarmasin.id/explore/oleh-oleh-khas-di-banjarmasin-barat,Oleh-oleh Khas di Banjarmasin Barat | Visit Banjarmasin,text/html; charset=utf-8,false,200,0,false,https://visitbanjarmasin.id/explore/oleh-oleh-khas-di-banjarmasin-barat,308,,,0,1,https://visitbanjarmasin.id/explore/oleh-oleh-khas-di-banjarmasin-barat
0,https://www.visitbanjarmasin.id/explore/sewa-mobil-di-kayutangi,Sewa Mobil di Kayutangi | Visit Banjarmasin,text/html; charset=utf-8,false,200,0,false,https://visitbanjarmasin.id/explore/sewa-mobil-di-kayutangi,308,,,0,1,https://visitbanjarmasin.id/explore/sewa-mobil-di-kayutangi
0,https://www.visitbanjarmasin.id/explore/tempat-nongkrong-di-banjarmasin-tengah,Tempat Nongkrong di Banjarmasin Tengah | Visit Banjarmasin,text/html; charset=utf-8,false,200,0,false,https://visitbanjarmasin.id/explore/tempat-nongkrong-di-banjarmasin-tengah,308,,,0,1,https://visitbanjarmasin.id/explore/tempat-nongkrong-di-banjarmasin-tengah
0,https://www.visitbanjarmasin.id/en/explore/hotel-murah-di-banjarmasin-utara,Hotel Murah di Banjarmasin Utara in Banjarmasin | Visit Banjarmasin,text/html; charset=utf-8,false,200,0,false,https://visitbanjarmasin.id/en/explore/hotel-murah-di-banjarmasin-utara,308,,,0,1,https://visitbanjarmasin.id/en/explore/hotel-murah-di-banjarmasin-utara
0,https://www.visitbanjarmasin.id/ms/explore/sewa-mobil-di-banjarmasin-timur,Sewa Mobil di Banjarmasin Timur di Banjarmasin | Visit Banjarmasin,text/html; charset=utf-8,false,200,0,false,https://visitbanjarmasin.id/ms/explore/sewa-mobil-di-banjarmasin-timur,308,,,0,1,https://visitbanjarmasin.id/ms/explore/sewa-mobil-di-banjarmasin-timur
0,https://www.visitbanjarmasin.id/ms/explore/tempat-wisata-di-banjarmasin-tengah,Tempat Wisata di Banjarmasin Tengah di Banjarmasin | Visit Banjarmasin,text/html; charset=utf-8,false,200,0,false,https://visitbanjarmasin.id/ms/explore/tempat-wisata-di-banjarmasin-tengah,308,,,0,1,https://visitbanjarmasin.id/ms/explore/tempat-wisata-di-banjarmasin-tengah
0,https://www.visitbanjarmasin.id/zh/explore/wisata-malam-di-gatot-subroto,Wisata Malam di Gatot Subroto（班贾尔马辛）| 马辰旅游,text/html; charset=utf-8,false,200,0,false,https://visitbanjarmasin.id/zh/explore/wisata-malam-di-gatot-subroto,308,,,0,1,https://visitbanjarmasin.id/zh/explore/wisata-malam-di-gatot-subroto
0,https://www.visitbanjarmasin.id/ms/explore/wisata-malam-di-banjarmasin-timur,Wisata Malam di Banjarmasin Timur di Banjarmasin | Visit Banjarmasin,text/html; charset=utf-8,false,200,0,false,https://visitbanjarmasin.id/ms/explore/wisata-malam-di-banjarmasin-timur,308,,,0,1,https://visitbanjarmasin.id/ms/explore/wisata-malam-di-banjarmasin-timur
0,https://www.visitbanjarmasin.id/explore/tempat-nongkrong-di-banjarmasin-barat,Tempat Nongkrong di Banjarmasin Barat | Visit Banjarmasin,text/html; charset=utf-8,false,200,0,false,https://visitbanjarmasin.id/explore/tempat-nongkrong-di-banjarmasin-barat,308,,,0,1,https://visitbanjarmasin.id/explore/tempat-nongkrong-di-banjarmasin-barat
0,https://www.visitbanjarmasin.id/zh/blog/filosofi-wastra-kain-sasirangan-banjar,纺织奇迹：Sasirangan 面料图案背后的哲学意义 | Visit Banjarmasin Blog,text/html; charset=utf-8,false,200,0,false,https://visitbanjarmasin.id/zh/blog/filosofi-wastra-kain-sasirangan-banjar,308,,,0,5,https://visitbanjarmasin.id/zh/blog/filosofi-wastra-kain-sasirangan-banjar
0,https://www.visitbanjarmasin.id/zh/explore/oleh-oleh-khas-di-sungai-andai,Oleh-oleh Khas di Sungai Andai（班贾尔马辛）| 马辰旅游,text/html; charset=utf-8,false,200,0,false,https://visitbanjarmasin.id/zh/explore/oleh-oleh-khas-di-sungai-andai,308,,,0,1,https://visitbanjarmasin.id/zh/explore/oleh-oleh-khas-di-sungai-andai
0,https://www.visitbanjarmasin.id/explore/oleh-oleh-khas-di-kuin,Oleh-oleh Khas di Kuin | Visit Banjarmasin,text/html; charset=utf-8,false,200,0,false,https://visitbanjarmasin.id/explore/oleh-oleh-khas-di-kuin,308,,,0,1,https://visitbanjarmasin.id/explore/oleh-oleh-khas-di-kuin
0,https://www.visitbanjarmasin.id/en/explore/oleh-oleh-khas-di-banjarmasin-timur,Oleh-oleh Khas di Banjarmasin Timur in Banjarmasin | Visit Banjarmasin,text/html; charset=utf-8,false,200,0,false,https://visitbanjarmasin.id/en/explore/oleh-oleh-khas-di-banjarmasin-timur,308,,,0,1,https://visitbanjarmasin.id/en/explore/oleh-oleh-khas-di-banjarmasin-timur
0,https://www.visitbanjarmasin.id/en/explore/wisata-malam-di-banjarmasin-timur,Wisata Malam di Banjarmasin Timur in Banjarmasin | Visit Banjarmasin,text/html; charset=utf-8,false,200,0,false,https://visitbanjarmasin.id/en/explore/wisata-malam-di-banjarmasin-timur,308,,,0,1,https://visitbanjarmasin.id/en/explore/wisata-malam-di-banjarmasin-timur
0,https://www.visitbanjarmasin.id/zh/explore/wisata-malam-di-banjarmasin-utara,Wisata Malam di Banjarmasin Utara（班贾尔马辛）| 马辰旅游,text/html; charset=utf-8,false,200,0,false,https://visitbanjarmasin.id/zh/explore/wisata-malam-di-banjarmasin-utara,308,,,0,1,https://visitbanjarmasin.id/zh/explore/wisata-malam-di-banjarmasin-utara
0,https://www.visitbanjarmasin.id/explore/wisata-malam-di-banjarmasin-selatan,Wisata Malam di Banjarmasin Selatan | Visit Banjarmasin,text/html; charset=utf-8,false,200,0,false,https://visitbanjarmasin.id/explore/wisata-malam-di-banjarmasin-selatan,308,,,0,1,https://visitbanjarmasin.id/explore/wisata-malam-di-banjarmasin-selatan
0,https://www.visitbanjarmasin.id/explore/hotel-murah-di-lok-baintan,Hotel Murah di Lok Baintan | Visit Banjarmasin,text/html; charset=utf-8,false,200,0,false,https://visitbanjarmasin.id/explore/hotel-murah-di-lok-baintan,308,,,0,1,https://visitbanjarmasin.id/explore/hotel-murah-di-lok-baintan
0,https://www.visitbanjarmasin.id/en/explore/tempat-wisata-di-kuin,Tempat Wisata di Kuin in Banjarmasin | Visit Banjarmasin,text/html; charset=utf-8,false,200,0,false,https://visitbanjarmasin.id/en/explore/tempat-wisata-di-kuin,308,,,0,1,https://visitbanjarmasin.id/en/explore/tempat-wisata-di-kuin
0,https://www.visitbanjarmasin.id/ms/explore/hotel-murah-di-kayutangi,Hotel Murah di Kayutangi di Banjarmasin | Visit Banjarmasin,text/html; charset=utf-8,false,200,0,false,https://visitbanjarmasin.id/ms/explore/hotel-murah-di-kayutangi,308,,,0,1,https://visitbanjarmasin.id/ms/explore/hotel-murah-di-kayutangi
0,https://www.visitbanjarmasin.id/en/explore/oleh-oleh-khas-di-gatot-subroto,Oleh-oleh Khas di Gatot Subroto in Banjarmasin | Visit Banjarmasin,text/html; charset=utf-8,false,200,0,false,https://visitbanjarmasin.id/en/explore/oleh-oleh-khas-di-gatot-subroto,308,,,0,1,https://visitbanjarmasin.id/en/explore/oleh-oleh-khas-di-gatot-subroto
0,https://www.visitbanjarmasin.id/explore/wisata-malam-di-banjarmasin-utara,Wisata Malam di Banjarmasin Utara | Visit Banjarmasin,text/html; charset=utf-8,false,200,0,false,https://visitbanjarmasin.id/explore/wisata-malam-di-banjarmasin-utara,308,,,0,1,https://visitbanjarmasin.id/explore/wisata-malam-di-banjarmasin-utara
0,https://www.visitbanjarmasin.id/en/explore/oleh-oleh-khas-di-lok-baintan,Oleh-oleh Khas di Lok Baintan in Banjarmasin | Visit Banjarmasin,text/html; charset=utf-8,false,200,0,false,https://visitbanjarmasin.id/en/explore/oleh-oleh-khas-di-lok-baintan,308,,,0,1,https://visitbanjarmasin.id/en/explore/oleh-oleh-khas-di-lok-baintan
0,https://www.visitbanjarmasin.id/explore/tempat-nongkrong-di-lok-baintan,Tempat Nongkrong di Lok Baintan | Visit Banjarmasin,text/html; charset=utf-8,false,200,0,false,https://visitbanjarmasin.id/explore/tempat-nongkrong-di-lok-baintan,308,,,0,1,https://visitbanjarmasin.id/explore/tempat-nongkrong-di-lok-baintan
0,https://www.visitbanjarmasin.id/explore/hotel-murah-di-kuin,Hotel Murah di Kuin | Visit Banjarmasin,text/html; charset=utf-8,false,200,0,false,https://visitbanjarmasin.id/explore/hotel-murah-di-kuin,308,,,0,1,https://visitbanjarmasin.id/explore/hotel-murah-di-kuin
0,https://www.visitbanjarmasin.id/zh/explore/oleh-oleh-khas-di-sultan-adam,Oleh-oleh Khas di Sultan Adam（班贾尔马辛）| 马辰旅游,text/html; charset=utf-8,false,200,0,false,https://visitbanjarmasin.id/zh/explore/oleh-oleh-khas-di-sultan-adam,308,,,0,1,https://visitbanjarmasin.id/zh/explore/oleh-oleh-khas-di-sultan-adam
0,https://www.visitbanjarmasin.id/en/explore/hotel-murah-di-sultan-adam,Hotel Murah di Sultan Adam in Banjarmasin | Visit Banjarmasin,text/html; charset=utf-8,false,200,0,false,https://visitbanjarmasin.id/en/explore/hotel-murah-di-sultan-adam,308,,,0,1,https://visitbanjarmasin.id/en/explore/hotel-murah-di-sultan-adam
0,https://www.visitbanjarmasin.id/en/explore/sewa-mobil-di-banjarmasin-selatan,Sewa Mobil di Banjarmasin Selatan in Banjarmasin | Visit Banjarmasin,text/html; charset=utf-8,false,200,0,false,https://visitbanjarmasin.id/en/explore/sewa-mobil-di-banjarmasin-selatan,308,,,0,1,https://visitbanjarmasin.id/en/explore/sewa-mobil-di-banjarmasin-selatan
0,https://www.visitbanjarmasin.id/zh/explore/hotel-murah-di-sultan-adam,Hotel Murah di Sultan Adam（班贾尔马辛）| 马辰旅游,text/html; charset=utf-8,false,200,0,false,https://visitbanjarmasin.id/zh/explore/hotel-murah-di-sultan-adam,308,,,0,1,https://visitbanjarmasin.id/zh/explore/hotel-murah-di-sultan-adam
0,https://www.visitbanjarmasin.id/zh/explore/wisata-malam-di-banjarmasin-selatan,Wisata Malam di Banjarmasin Selatan（班贾尔马辛）| 马辰旅游,text/html; charset=utf-8,false,200,0,false,https://visitbanjarmasin.id/zh/explore/wisata-malam-di-banjarmasin-selatan,308,,,0,1,https://visitbanjarmasin.id/zh/explore/wisata-malam-di-banjarmasin-selatan
0,https://www.visitbanjarmasin.id/explore/tempat-wisata-di-banjarmasin-tengah,Tempat Wisata di Banjarmasin Tengah | Visit Banjarmasin,text/html; charset=utf-8,false,200,0,false,https://visitbanjarmasin.id/explore/tempat-wisata-di-banjarmasin-tengah,308,,,0,1,https://visitbanjarmasin.id/explore/tempat-wisata-di-banjarmasin-tengah
0,https://www.visitbanjarmasin.id/explore/tempat-nongkrong-di-sungai-andai,Tempat Nongkrong di Sungai Andai | Visit Banjarmasin,text/html; charset=utf-8,false,200,0,false,https://visitbanjarmasin.id/explore/tempat-nongkrong-di-sungai-andai,308,,,0,1,https://visitbanjarmasin.id/explore/tempat-nongkrong-di-sungai-andai
0,https://www.visitbanjarmasin.id/explore/sewa-mobil-di-banjarmasin-tengah,Sewa Mobil di Banjarmasin Tengah | Visit Banjarmasin,text/html; charset=utf-8,false,200,0,false,https://visitbanjarmasin.id/explore/sewa-mobil-di-banjarmasin-tengah,308,,,0,1,https://visitbanjarmasin.id/explore/sewa-mobil-di-banjarmasin-tengah
0,https://www.visitbanjarmasin.id/blog/panduan-naik-brt-banjarbakula,Panduan Turis Menggunakan Transportasi BRT Trans Banjarbakula | Visit Banjarmasin Blog,text/html; charset=utf-8,false,200,0,false,https://visitbanjarmasin.id/blog/panduan-naik-brt-banjarbakula,308,,,0,5,https://visitbanjarmasin.id/blog/panduan-naik-brt-banjarbakula
0,https://www.visitbanjarmasin.id/ms/explore/oleh-oleh-khas-di-gatot-subroto,Oleh-oleh Khas di Gatot Subroto di Banjarmasin | Visit Banjarmasin,text/html; charset=utf-8,false,200,0,false,https://visitbanjarmasin.id/ms/explore/oleh-oleh-khas-di-gatot-subroto,308,,,0,1,https://visitbanjarmasin.id/ms/explore/oleh-oleh-khas-di-gatot-subroto
0,https://www.visitbanjarmasin.id/en/explore/tempat-wisata-di-banjarmasin-selatan,Tempat Wisata di Banjarmasin Selatan in Banjarmasin | Visit Banjarmasin,text/html; charset=utf-8,false,200,0,false,https://visitbanjarmasin.id/en/explore/tempat-wisata-di-banjarmasin-selatan,308,,,0,1,https://visitbanjarmasin.id/en/explore/tempat-wisata-di-banjarmasin-selatan
0,https://www.visitbanjarmasin.id/en/explore/oleh-oleh-khas-di-banjarmasin-selatan,Oleh-oleh Khas di Banjarmasin Selatan in Banjarmasin | Visit Banjarmasin,text/html; charset=utf-8,false,200,0,false,https://visitbanjarmasin.id/en/explore/oleh-oleh-khas-di-banjarmasin-selatan,308,,,0,1,https://visitbanjarmasin.id/en/explore/oleh-oleh-khas-di-banjarmasin-selatan
0,https://www.visitbanjarmasin.id/ms/explore/sewa-mobil-di-kuin,Sewa Mobil di Kuin di Banjarmasin | Visit Banjarmasin,text/html; charset=utf-8,false,200,0,false,https://visitbanjarmasin.id/ms/explore/sewa-mobil-di-kuin,308,,,0,1,https://visitbanjarmasin.id/ms/explore/sewa-mobil-di-kuin
0,https://www.visitbanjarmasin.id/ms/explore/tempat-nongkrong-di-banjarmasin-timur,Tempat Nongkrong di Banjarmasin Timur di Banjarmasin | Visit Banjarmasin,text/html; charset=utf-8,false,200,0,false,https://visitbanjarmasin.id/ms/explore/tempat-nongkrong-di-banjarmasin-timur,308,,,0,1,https://visitbanjarmasin.id/ms/explore/tempat-nongkrong-di-banjarmasin-timur
0,https://www.visitbanjarmasin.id/ms/explore/wisata-malam-di-sultan-adam,Wisata Malam di Sultan Adam di Banjarmasin | Visit Banjarmasin,text/html; charset=utf-8,false,200,0,false,https://visitbanjarmasin.id/ms/explore/wisata-malam-di-sultan-adam,308,,,0,1,https://visitbanjarmasin.id/ms/explore/wisata-malam-di-sultan-adam
0,https://www.visitbanjarmasin.id/ms/explore/hotel-murah-di-banjarmasin-selatan,Hotel Murah di Banjarmasin Selatan di Banjarmasin | Visit Banjarmasin,text/html; charset=utf-8,false,200,0,false,https://visitbanjarmasin.id/ms/explore/hotel-murah-di-banjarmasin-selatan,308,,,0,1,https://visitbanjarmasin.id/ms/explore/hotel-murah-di-banjarmasin-selatan
0,https://www.visitbanjarmasin.id/ms/explore/tempat-wisata-di-kayutangi,Tempat Wisata di Kayutangi di Banjarmasin | Visit Banjarmasin,text/html; charset=utf-8,false,200,0,false,https://visitbanjarmasin.id/ms/explore/tempat-wisata-di-kayutangi,308,,,0,1,https://visitbanjarmasin.id/ms/explore/tempat-wisata-di-kayutangi
0,https://www.visitbanjarmasin.id/explore/tempat-wisata-di-banjarmasin-utara,Tempat Wisata di Banjarmasin Utara | Visit Banjarmasin,text/html; charset=utf-8,false,200,0,false,https://visitbanjarmasin.id/explore/tempat-wisata-di-banjarmasin-utara,308,,,0,1,https://visitbanjarmasin.id/explore/tempat-wisata-di-banjarmasin-utara
0,https://www.visitbanjarmasin.id/en/explore/wisata-kuliner-di-banjarmasin-barat,Wisata Kuliner di Banjarmasin Barat in Banjarmasin | Visit Banjarmasin,text/html; charset=utf-8,false,200,0,false,https://visitbanjarmasin.id/en/explore/wisata-kuliner-di-banjarmasin-barat,308,,,0,1,https://visitbanjarmasin.id/en/explore/wisata-kuliner-di-banjarmasin-barat
0,https://www.visitbanjarmasin.id/en/explore/tempat-wisata-di-gatot-subroto,Tempat Wisata di Gatot Subroto in Banjarmasin | Visit Banjarmasin,text/html; charset=utf-8,false,200,0,false,https://visitbanjarmasin.id/en/explore/tempat-wisata-di-gatot-subroto,308,,,0,1,https://visitbanjarmasin.id/en/explore/tempat-wisata-di-gatot-subroto
0,https://www.visitbanjarmasin.id/explore/sewa-mobil-di-lok-baintan,Sewa Mobil di Lok Baintan | Visit Banjarmasin,text/html; charset=utf-8,false,200,0,false,https://visitbanjarmasin.id/explore/sewa-mobil-di-lok-baintan,308,,,0,1,https://visitbanjarmasin.id/explore/sewa-mobil-di-lok-baintan
0,https://www.visitbanjarmasin.id/en/blog/panduan-naik-brt-banjarbakula,Tourist Guide to Using BRT Trans Banjarbakula Transportation | Visit Banjarmasin Blog,text/html; charset=utf-8,false,200,0,false,https://visitbanjarmasin.id/en/blog/panduan-naik-brt-banjarbakula,308,,,0,5,https://visitbanjarmasin.id/en/blog/panduan-naik-brt-banjarbakula
0,https://www.visitbanjarmasin.id/ms/explore/oleh-oleh-khas-di-sungai-andai,Oleh-oleh Khas di Sungai Andai di Banjarmasin | Visit Banjarmasin,text/html; charset=utf-8,false,200,0,false,https://visitbanjarmasin.id/ms/explore/oleh-oleh-khas-di-sungai-andai,308,,,0,1,https://visitbanjarmasin.id/ms/explore/oleh-oleh-khas-di-sungai-andai
0,https://www.visitbanjarmasin.id/en/explore/wisata-kuliner-di-gatot-subroto,Wisata Kuliner di Gatot Subroto in Banjarmasin | Visit Banjarmasin,text/html; charset=utf-8,false,200,0,false,https://visitbanjarmasin.id/en/explore/wisata-kuliner-di-gatot-subroto,308,,,0,1,https://visitbanjarmasin.id/en/explore/wisata-kuliner-di-gatot-subroto
0,https://www.visitbanjarmasin.id/zh/explore/oleh-oleh-khas-di-banjarmasin-tengah,Oleh-oleh Khas di Banjarmasin Tengah（班贾尔马辛）| 马辰旅游,text/html; charset=utf-8,false,200,0,false,https://visitbanjarmasin.id/zh/explore/oleh-oleh-khas-di-banjarmasin-tengah,308,,,0,1,https://visitbanjarmasin.id/zh/explore/oleh-oleh-khas-di-banjarmasin-tengah
0,https://www.visitbanjarmasin.id/en/explore/oleh-oleh-khas-di-banjarmasin-utara,Oleh-oleh Khas di Banjarmasin Utara in Banjarmasin | Visit Banjarmasin,text/html; charset=utf-8,false,200,0,false,https://visitbanjarmasin.id/en/explore/oleh-oleh-khas-di-banjarmasin-utara,308,,,0,1,https://visitbanjarmasin.id/en/explore/oleh-oleh-khas-di-banjarmasin-utara
0,https://www.visitbanjarmasin.id/ms/explore/tempat-nongkrong-di-kayutangi,Tempat Nongkrong di Kayutangi di Banjarmasin | Visit Banjarmasin,text/html; charset=utf-8,false,200,0,false,https://visitbanjarmasin.id/ms/explore/tempat-nongkrong-di-kayutangi,308,,,0,1,https://visitbanjarmasin.id/ms/explore/tempat-nongkrong-di-kayutangi
0,https://www.visitbanjarmasin.id/explore/oleh-oleh-khas-di-banjarmasin-tengah,Oleh-oleh Khas di Banjarmasin Tengah | Visit Banjarmasin,text/html; charset=utf-8,false,200,0,false,https://visitbanjarmasin.id/explore/oleh-oleh-khas-di-banjarmasin-tengah,308,,,0,1,https://visitbanjarmasin.id/explore/oleh-oleh-khas-di-banjarmasin-tengah
0,https://www.visitbanjarmasin.id/ms/explore/wisata-malam-di-banjarmasin-tengah,Wisata Malam di Banjarmasin Tengah di Banjarmasin | Visit Banjarmasin,text/html; charset=utf-8,false,200,0,false,https://visitbanjarmasin.id/ms/explore/wisata-malam-di-banjarmasin-tengah,308,,,0,1,https://visitbanjarmasin.id/ms/explore/wisata-malam-di-banjarmasin-tengah
0,https://www.visitbanjarmasin.id/explore/tempat-wisata-di-sultan-adam,Tempat Wisata di Sultan Adam | Visit Banjarmasin,text/html; charset=utf-8,false,200,0,false,https://visitbanjarmasin.id/explore/tempat-wisata-di-sultan-adam,308,,,0,1,https://visitbanjarmasin.id/explore/tempat-wisata-di-sultan-adam
0,https://www.visitbanjarmasin.id/ms/explore/hotel-murah-di-sungai-andai,Hotel Murah di Sungai Andai di Banjarmasin | Visit Banjarmasin,text/html; charset=utf-8,false,200,0,false,https://visitbanjarmasin.id/ms/explore/hotel-murah-di-sungai-andai,308,,,0,1,https://visitbanjarmasin.id/ms/explore/hotel-murah-di-sungai-andai
0,https://www.visitbanjarmasin.id/explore/wisata-malam-di-lok-baintan,Wisata Malam di Lok Baintan | Visit Banjarmasin,text/html; charset=utf-8,false,200,0,false,https://visitbanjarmasin.id/explore/wisata-malam-di-lok-baintan,308,,,0,1,https://visitbanjarmasin.id/explore/wisata-malam-di-lok-baintan
0,https://www.visitbanjarmasin.id/explore/oleh-oleh-khas-di-banjarmasin-selatan,Oleh-oleh Khas di Banjarmasin Selatan | Visit Banjarmasin,text/html; charset=utf-8,false,200,0,false,https://visitbanjarmasin.id/explore/oleh-oleh-khas-di-banjarmasin-selatan,308,,,0,1,https://visitbanjarmasin.id/explore/oleh-oleh-khas-di-banjarmasin-selatan
0,https://www.visitbanjarmasin.id/ms/explore/sewa-mobil-di-banjarmasin-barat,Sewa Mobil di Banjarmasin Barat di Banjarmasin | Visit Banjarmasin,text/html; charset=utf-8,false,200,0,false,https://visitbanjarmasin.id/ms/explore/sewa-mobil-di-banjarmasin-barat,308,,,0,1,https://visitbanjarmasin.id/ms/explore/sewa-mobil-di-banjarmasin-barat
0,https://www.visitbanjarmasin.id/explore/oleh-oleh-khas-di-gatot-subroto,Oleh-oleh Khas di Gatot Subroto | Visit Banjarmasin,text/html; charset=utf-8,false,200,0,false,https://visitbanjarmasin.id/explore/oleh-oleh-khas-di-gatot-subroto,308,,,0,1,https://visitbanjarmasin.id/explore/oleh-oleh-khas-di-gatot-subroto
0,https://www.visitbanjarmasin.id/ms/explore/tempat-wisata-di-sungai-andai,Tempat Wisata di Sungai Andai di Banjarmasin | Visit Banjarmasin,text/html; charset=utf-8,false,200,0,false,https://visitbanjarmasin.id/ms/explore/tempat-wisata-di-sungai-andai,308,,,0,1,https://visitbanjarmasin.id/ms/explore/tempat-wisata-di-sungai-andai
0,https://www.visitbanjarmasin.id/en/explore/wisata-malam-di-banjarmasin-selatan,Wisata Malam di Banjarmasin Selatan in Banjarmasin | Visit Banjarmasin,text/html; charset=utf-8,false,200,0,false,https://visitbanjarmasin.id/en/explore/wisata-malam-di-banjarmasin-selatan,308,,,0,1,https://visitbanjarmasin.id/en/explore/wisata-malam-di-banjarmasin-selatan
0,https://www.visitbanjarmasin.id/ms/explore/sewa-mobil-di-banjarmasin-utara,Sewa Mobil di Banjarmasin Utara di Banjarmasin | Visit Banjarmasin,text/html; charset=utf-8,false,200,0,false,https://visitbanjarmasin.id/ms/explore/sewa-mobil-di-banjarmasin-utara,308,,,0,1,https://visitbanjarmasin.id/ms/explore/sewa-mobil-di-banjarmasin-utara
0,https://www.visitbanjarmasin.id/explore/wisata-kuliner-di-banjarmasin-barat,Wisata Kuliner di Banjarmasin Barat | Visit Banjarmasin,text/html; charset=utf-8,false,200,0,false,https://visitbanjarmasin.id/explore/wisata-kuliner-di-banjarmasin-barat,308,,,0,1,https://visitbanjarmasin.id/explore/wisata-kuliner-di-banjarmasin-barat
0,https://www.visitbanjarmasin.id/en/explore/hotel-murah-di-banjarmasin-barat,Hotel Murah di Banjarmasin Barat in Banjarmasin | Visit Banjarmasin,text/html; charset=utf-8,false,200,0,false,https://visitbanjarmasin.id/en/explore/hotel-murah-di-banjarmasin-barat,308,,,0,1,https://visitbanjarmasin.id/en/explore/hotel-murah-di-banjarmasin-barat
0,https://www.visitbanjarmasin.id/explore/tempat-wisata-di-lok-baintan,Tempat Wisata di Lok Baintan | Visit Banjarmasin,text/html; charset=utf-8,false,200,0,false,https://visitbanjarmasin.id/explore/tempat-wisata-di-lok-baintan,308,,,0,2,https://visitbanjarmasin.id/explore/tempat-wisata-di-lok-baintan
0,https://www.visitbanjarmasin.id/en/explore/tempat-wisata-di-banjarmasin-utara,Tempat Wisata di Banjarmasin Utara in Banjarmasin | Visit Banjarmasin,text/html; charset=utf-8,false,200,0,false,https://visitbanjarmasin.id/en/explore/tempat-wisata-di-banjarmasin-utara,308,,,0,1,https://visitbanjarmasin.id/en/explore/tempat-wisata-di-banjarmasin-utara
0,https://www.visitbanjarmasin.id/en/explore/sewa-mobil-di-sungai-andai,Sewa Mobil di Sungai Andai in Banjarmasin | Visit Banjarmasin,text/html; charset=utf-8,false,200,0,false,https://visitbanjarmasin.id/en/explore/sewa-mobil-di-sungai-andai,308,,,0,1,https://visitbanjarmasin.id/en/explore/sewa-mobil-di-sungai-andai
0,https://www.visitbanjarmasin.id/en/explore/hotel-murah-di-banjarmasin-tengah,Hotel Murah di Banjarmasin Tengah in Banjarmasin | Visit Banjarmasin,text/html; charset=utf-8,false,200,0,false,https://visitbanjarmasin.id/en/explore/hotel-murah-di-banjarmasin-tengah,308,,,0,1,https://visitbanjarmasin.id/en/explore/hotel-murah-di-banjarmasin-tengah
0,https://www.visitbanjarmasin.id/en/explore/tempat-nongkrong-di-banjarmasin-barat,Tempat Nongkrong di Banjarmasin Barat in Banjarmasin | Visit Banjarmasin,text/html; charset=utf-8,false,200,0,false,https://visitbanjarmasin.id/en/explore/tempat-nongkrong-di-banjarmasin-barat,308,,,0,1,https://visitbanjarmasin.id/en/explore/tempat-nongkrong-di-banjarmasin-barat
0,https://www.visitbanjarmasin.id/zh/explore/tempat-nongkrong-di-banjarmasin-timur,Tempat Nongkrong di Banjarmasin Timur（班贾尔马辛）| 马辰旅游,text/html; charset=utf-8,false,200,0,false,https://visitbanjarmasin.id/zh/explore/tempat-nongkrong-di-banjarmasin-timur,308,,,0,1,https://visitbanjarmasin.id/zh/explore/tempat-nongkrong-di-banjarmasin-timur
0,https://www.visitbanjarmasin.id/zh/explore/sewa-mobil-di-banjarmasin-tengah,Sewa Mobil di Banjarmasin Tengah（班贾尔马辛）| 马辰旅游,text/html; charset=utf-8,false,200,0,false,https://visitbanjarmasin.id/zh/explore/sewa-mobil-di-banjarmasin-tengah,308,,,0,1,https://visitbanjarmasin.id/zh/explore/sewa-mobil-di-banjarmasin-tengah
0,https://www.visitbanjarmasin.id/blog/5-tempat-nongkrong-di-banjarmasin,5 Tempat Nongkrong Sore di Pinggir Sungai Martapura yang Wajib Dikunjungi | Visit Banjarmasin Blog,text/html; charset=utf-8,false,200,0,false,https://visitbanjarmasin.id/blog/5-tempat-nongkrong-di-banjarmasin,308,,,0,5,https://visitbanjarmasin.id/blog/5-tempat-nongkrong-di-banjarmasin
0,https://www.visitbanjarmasin.id/explore/sewa-mobil-di-sungai-andai,Sewa Mobil di Sungai Andai | Visit Banjarmasin,text/html; charset=utf-8,false,200,0,false,https://visitbanjarmasin.id/explore/sewa-mobil-di-sungai-andai,308,,,0,1,https://visitbanjarmasin.id/explore/sewa-mobil-di-sungai-andai
0,https://www.visitbanjarmasin.id/zh/explore/sewa-mobil-di-banjarmasin-timur,Sewa Mobil di Banjarmasin Timur（班贾尔马辛）| 马辰旅游,text/html; charset=utf-8,false,200,0,false,https://visitbanjarmasin.id/zh/explore/sewa-mobil-di-banjarmasin-timur,308,,,0,1,https://visitbanjarmasin.id/zh/explore/sewa-mobil-di-banjarmasin-timur
0,https://www.visitbanjarmasin.id/explore/hotel-murah-di-banjarmasin-tengah,Hotel Murah di Banjarmasin Tengah | Visit Banjarmasin,text/html; charset=utf-8,false,200,0,false,https://visitbanjarmasin.id/explore/hotel-murah-di-banjarmasin-tengah,308,,,0,2,https://visitbanjarmasin.id/explore/hotel-murah-di-banjarmasin-tengah
0,https://www.visitbanjarmasin.id/explore/tempat-nongkrong-di-gatot-subroto,Tempat Nongkrong di Gatot Subroto | Visit Banjarmasin,text/html; charset=utf-8,false,200,0,false,https://visitbanjarmasin.id/explore/tempat-nongkrong-di-gatot-subroto,308,,,0,1,https://visitbanjarmasin.id/explore/tempat-nongkrong-di-gatot-subroto
0,https://www.visitbanjarmasin.id/explore/wisata-malam-di-gatot-subroto,Wisata Malam di Gatot Subroto | Visit Banjarmasin,text/html; charset=utf-8,false,200,0,false,https://visitbanjarmasin.id/explore/wisata-malam-di-gatot-subroto,308,,,0,1,https://visitbanjarmasin.id/explore/wisata-malam-di-gatot-subroto
0,https://www.visitbanjarmasin.id/ms/explore/oleh-oleh-khas-di-banjarmasin-utara,Oleh-oleh Khas di Banjarmasin Utara di Banjarmasin | Visit Banjarmasin,text/html; charset=utf-8,false,200,0,false,https://visitbanjarmasin.id/ms/explore/oleh-oleh-khas-di-banjarmasin-utara,308,,,0,1,https://visitbanjarmasin.id/ms/explore/oleh-oleh-khas-di-banjarmasin-utara
0,https://www.visitbanjarmasin.id/ms/explore/tempat-wisata-di-banjarmasin-timur,Tempat Wisata di Banjarmasin Timur di Banjarmasin | Visit Banjarmasin,text/html; charset=utf-8,false,200,0,false,https://visitbanjarmasin.id/ms/explore/tempat-wisata-di-banjarmasin-timur,308,,,0,1,https://visitbanjarmasin.id/ms/explore/tempat-wisata-di-banjarmasin-timur
0,https://www.visitbanjarmasin.id/ms/explore/tempat-nongkrong-di-banjarmasin-barat,Tempat Nongkrong di Banjarmasin Barat di Banjarmasin | Visit Banjarmasin,text/html; charset=utf-8,false,200,0,false,https://visitbanjarmasin.id/ms/explore/tempat-nongkrong-di-banjarmasin-barat,308,,,0,1,https://visitbanjarmasin.id/ms/explore/tempat-nongkrong-di-banjarmasin-barat
0,https://www.visitbanjarmasin.id/en/explore/tempat-nongkrong-di-kayutangi,Tempat Nongkrong di Kayutangi in Banjarmasin | Visit Banjarmasin,text/html; charset=utf-8,false,200,0,false,https://visitbanjarmasin.id/en/explore/tempat-nongkrong-di-kayutangi,308,,,0,1,https://visitbanjarmasin.id/en/explore/tempat-nongkrong-di-kayutangi
0,https://www.visitbanjarmasin.id/explore/sewa-mobil-di-banjarmasin-utara,Sewa Mobil di Banjarmasin Utara | Visit Banjarmasin,text/html; charset=utf-8,false,200,0,false,https://visitbanjarmasin.id/explore/sewa-mobil-di-banjarmasin-utara,308,,,0,2,https://visitbanjarmasin.id/explore/sewa-mobil-di-banjarmasin-utara
0,https://www.visitbanjarmasin.id/en/explore/wisata-malam-di-gatot-subroto,Wisata Malam di Gatot Subroto in Banjarmasin | Visit Banjarmasin,text/html; charset=utf-8,false,200,0,false,https://visitbanjarmasin.id/en/explore/wisata-malam-di-gatot-subroto,308,,,0,1,https://visitbanjarmasin.id/en/explore/wisata-malam-di-gatot-subroto
0,https://www.visitbanjarmasin.id/ms/blog,Blog & Artikel Pelancongan | Visit Banjarmasin,text/html; charset=utf-8,false,200,0,false,https://visitbanjarmasin.id/ms/blog,308,,,0,5,https://visitbanjarmasin.id/ms/blog
0,https://www.visitbanjarmasin.id/en/explore/sewa-mobil-di-kuin,Sewa Mobil di Kuin in Banjarmasin | Visit Banjarmasin,text/html; charset=utf-8,false,200,0,false,https://visitbanjarmasin.id/en/explore/sewa-mobil-di-kuin,308,,,0,1,https://visitbanjarmasin.id/en/explore/sewa-mobil-di-kuin
0,https://www.visitbanjarmasin.id/en/explore/hotel-murah-di-gatot-subroto,Hotel Murah di Gatot Subroto in Banjarmasin | Visit Banjarmasin,text/html; charset=utf-8,false,200,0,false,https://visitbanjarmasin.id/en/explore/hotel-murah-di-gatot-subroto,308,,,0,1,https://visitbanjarmasin.id/en/explore/hotel-murah-di-gatot-subroto
0,https://www.visitbanjarmasin.id/zh/explore/sewa-mobil-di-kayutangi,Sewa Mobil di Kayutangi（班贾尔马辛）| 马辰旅游,text/html; charset=utf-8,false,200,0,false,https://visitbanjarmasin.id/zh/explore/sewa-mobil-di-kayutangi,308,,,0,1,https://visitbanjarmasin.id/zh/explore/sewa-mobil-di-kayutangi
0,https://www.visitbanjarmasin.id/explore/hotel-murah-di-banjarmasin-timur,Hotel Murah di Banjarmasin Timur | Visit Banjarmasin,text/html; charset=utf-8,false,200,0,false,https://visitbanjarmasin.id/explore/hotel-murah-di-banjarmasin-timur,308,,,0,1,https://visitbanjarmasin.id/explore/hotel-murah-di-banjarmasin-timur
0,https://www.visitbanjarmasin.id/zh/explore/wisata-malam-di-lok-baintan,Wisata Malam di Lok Baintan（班贾尔马辛）| 马辰旅游,text/html; charset=utf-8,false,200,0,false,https://visitbanjarmasin.id/zh/explore/wisata-malam-di-lok-baintan,308,,,0,1,https://visitbanjarmasin.id/zh/explore/wisata-malam-di-lok-baintan
0,https://www.visitbanjarmasin.id/zh/explore/hotel-murah-di-banjarmasin-tengah,Hotel Murah di Banjarmasin Tengah（班贾尔马辛）| 马辰旅游,text/html; charset=utf-8,false,200,0,false,https://visitbanjarmasin.id/zh/explore/hotel-murah-di-banjarmasin-tengah,308,,,0,1,https://visitbanjarmasin.id/zh/explore/hotel-murah-di-banjarmasin-tengah
0,https://www.visitbanjarmasin.id/en/explore/tempat-nongkrong-di-banjarmasin-tengah,Tempat Nongkrong di Banjarmasin Tengah in Banjarmasin | Visit Banjarmasin,text/html; charset=utf-8,false,200,0,false,https://visitbanjarmasin.id/en/explore/tempat-nongkrong-di-banjarmasin-tengah,308,,,0,1,https://visitbanjarmasin.id/en/explore/tempat-nongkrong-di-banjarmasin-tengah
0,https://www.visitbanjarmasin.id/ms/explore/tempat-nongkrong-di-gatot-subroto,Tempat Nongkrong di Gatot Subroto di Banjarmasin | Visit Banjarmasin,text/html; charset=utf-8,false,200,0,false,https://visitbanjarmasin.id/ms/explore/tempat-nongkrong-di-gatot-subroto,308,,,0,1,https://visitbanjarmasin.id/ms/explore/tempat-nongkrong-di-gatot-subroto
0,https://www.visitbanjarmasin.id/explore/sewa-mobil-di-sultan-adam,Sewa Mobil di Sultan Adam | Visit Banjarmasin,text/html; charset=utf-8,false,200,0,false,https://visitbanjarmasin.id/explore/sewa-mobil-di-sultan-adam,308,,,0,1,https://visitbanjarmasin.id/explore/sewa-mobil-di-sultan-adam
0,https://www.visitbanjarmasin.id/en/explore/tempat-nongkrong-di-banjarmasin-timur,Tempat Nongkrong di Banjarmasin Timur in Banjarmasin | Visit Banjarmasin,text/html; charset=utf-8,false,200,0,false,https://visitbanjarmasin.id/en/explore/tempat-nongkrong-di-banjarmasin-timur,308,,,0,1,https://visitbanjarmasin.id/en/explore/tempat-nongkrong-di-banjarmasin-timur
0,https://www.visitbanjarmasin.id/zh/explore/hotel-murah-di-banjarmasin-barat,Hotel Murah di Banjarmasin Barat（班贾尔马辛）| 马辰旅游,text/html; charset=utf-8,false,200,0,false,https://visitbanjarmasin.id/zh/explore/hotel-murah-di-banjarmasin-barat,308,,,0,1,https://visitbanjarmasin.id/zh/explore/hotel-murah-di-banjarmasin-barat
0,https://www.visitbanjarmasin.id/zh/blog/sejarah-pasar-terapung-lok-baintan,班贾尔马辛旅游 Lok Baintan 水上市场的悠久历史 | Visit Banjarmasin Blog,text/html; charset=utf-8,false,200,0,false,https://visitbanjarmasin.id/zh/blog/sejarah-pasar-terapung-lok-baintan,308,,,0,5,https://visitbanjarmasin.id/zh/blog/sejarah-pasar-terapung-lok-baintan
0,https://www.visitbanjarmasin.id/en/explore/hotel-murah-di-lok-baintan,Hotel Murah di Lok Baintan in Banjarmasin | Visit Banjarmasin,text/html; charset=utf-8,false,200,0,false,https://visitbanjarmasin.id/en/explore/hotel-murah-di-lok-baintan,308,,,0,1,https://visitbanjarmasin.id/en/explore/hotel-murah-di-lok-baintan
0,https://www.visitbanjarmasin.id/ms/explore/wisata-malam-di-banjarmasin-utara,Wisata Malam di Banjarmasin Utara di Banjarmasin | Visit Banjarmasin,text/html; charset=utf-8,false,200,0,false,https://visitbanjarmasin.id/ms/explore/wisata-malam-di-banjarmasin-utara,308,,,0,1,https://visitbanjarmasin.id/ms/explore/wisata-malam-di-banjarmasin-utara
0,https://www.visitbanjarmasin.id/ms/explore/tempat-wisata-di-kuin,Tempat Wisata di Kuin di Banjarmasin | Visit Banjarmasin,text/html; charset=utf-8,false,200,0,false,https://visitbanjarmasin.id/ms/explore/tempat-wisata-di-kuin,308,,,0,1,https://visitbanjarmasin.id/ms/explore/tempat-wisata-di-kuin
0,https://www.visitbanjarmasin.id/en/explore/wisata-kuliner-di-banjarmasin-selatan,Wisata Kuliner di Banjarmasin Selatan in Banjarmasin | Visit Banjarmasin,text/html; charset=utf-8,false,200,0,false,https://visitbanjarmasin.id/en/explore/wisata-kuliner-di-banjarmasin-selatan,308,,,0,1,https://visitbanjarmasin.id/en/explore/wisata-kuliner-di-banjarmasin-selatan
0,https://www.visitbanjarmasin.id/ms/explore/hotel-murah-di-gatot-subroto,Hotel Murah di Gatot Subroto di Banjarmasin | Visit Banjarmasin,text/html; charset=utf-8,false,200,0,false,https://visitbanjarmasin.id/ms/explore/hotel-murah-di-gatot-subroto,308,,,0,1,https://visitbanjarmasin.id/ms/explore/hotel-murah-di-gatot-subroto
0,https://www.visitbanjarmasin.id/en/explore/hotel-murah-di-kuin,Hotel Murah di Kuin in Banjarmasin | Visit Banjarmasin,text/html; charset=utf-8,false,200,0,false,https://visitbanjarmasin.id/en/explore/hotel-murah-di-kuin,308,,,0,1,https://visitbanjarmasin.id/en/explore/hotel-murah-di-kuin
0,https://www.visitbanjarmasin.id/ms/profil-kota,Profil Bandar Banjarmasin: Visi & Kemajuan | Visit Banjarmasin,text/html; charset=utf-8,false,200,0,false,https://visitbanjarmasin.id/ms/profil-kota,308,,,0,1,https://visitbanjarmasin.id/ms/profil-kota
0,https://www.visitbanjarmasin.id/en/explore/tempat-nongkrong-di-sultan-adam,Tempat Nongkrong di Sultan Adam in Banjarmasin | Visit Banjarmasin,text/html; charset=utf-8,false,200,0,false,https://visitbanjarmasin.id/en/explore/tempat-nongkrong-di-sultan-adam,308,,,0,1,https://visitbanjarmasin.id/en/explore/tempat-nongkrong-di-sultan-adam
0,https://www.visitbanjarmasin.id/ms/explore/wisata-kuliner-di-banjarmasin-utara,Wisata Kuliner di Banjarmasin Utara di Banjarmasin | Visit Banjarmasin,text/html; charset=utf-8,false,200,0,false,https://visitbanjarmasin.id/ms/explore/wisata-kuliner-di-banjarmasin-utara,308,,,0,1,https://visitbanjarmasin.id/ms/explore/wisata-kuliner-di-banjarmasin-utara
0,https://www.visitbanjarmasin.id/zh/explore/wisata-kuliner-di-banjarmasin-tengah,Wisata Kuliner di Banjarmasin Tengah（班贾尔马辛）| 马辰旅游,text/html; charset=utf-8,false,200,0,false,https://visitbanjarmasin.id/zh/explore/wisata-kuliner-di-banjarmasin-tengah,308,,,0,1,https://visitbanjarmasin.id/zh/explore/wisata-kuliner-di-banjarmasin-tengah
0,https://www.visitbanjarmasin.id/zh/explore/tempat-wisata-di-lok-baintan,Tempat Wisata di Lok Baintan（班贾尔马辛）| 马辰旅游,text/html; charset=utf-8,false,200,0,false,https://visitbanjarmasin.id/zh/explore/tempat-wisata-di-lok-baintan,308,,,0,1,https://visitbanjarmasin.id/zh/explore/tempat-wisata-di-lok-baintan
0,https://www.visitbanjarmasin.id/explore/wisata-malam-di-banjarmasin-tengah,Wisata Malam di Banjarmasin Tengah | Visit Banjarmasin,text/html; charset=utf-8,false,200,0,false,https://visitbanjarmasin.id/explore/wisata-malam-di-banjarmasin-tengah,308,,,0,1,https://visitbanjarmasin.id/explore/wisata-malam-di-banjarmasin-tengah
0,https://www.visitbanjarmasin.id/zh/explore/sewa-mobil-di-kuin,Sewa Mobil di Kuin（班贾尔马辛）| 马辰旅游,text/html; charset=utf-8,false,200,0,false,https://visitbanjarmasin.id/zh/explore/sewa-mobil-di-kuin,308,,,0,1,https://visitbanjarmasin.id/zh/explore/sewa-mobil-di-kuin
0,https://www.visitbanjarmasin.id/ms/explore/wisata-malam-di-sungai-andai,Wisata Malam di Sungai Andai di Banjarmasin | Visit Banjarmasin,text/html; charset=utf-8,false,200,0,false,https://visitbanjarmasin.id/ms/explore/wisata-malam-di-sungai-andai,308,,,0,1,https://visitbanjarmasin.id/ms/explore/wisata-malam-di-sungai-andai
0,https://www.visitbanjarmasin.id/zh/explore/wisata-kuliner-di-lok-baintan,Wisata Kuliner di Lok Baintan（班贾尔马辛）| 马辰旅游,text/html; charset=utf-8,false,200,0,false,https://visitbanjarmasin.id/zh/explore/wisata-kuliner-di-lok-baintan,308,,,0,1,https://visitbanjarmasin.id/zh/explore/wisata-kuliner-di-lok-baintan
0,https://www.visitbanjarmasin.id/en/explore/wisata-malam-di-banjarmasin-tengah,Wisata Malam di Banjarmasin Tengah in Banjarmasin | Visit Banjarmasin,text/html; charset=utf-8,false,200,0,false,https://visitbanjarmasin.id/en/explore/wisata-malam-di-banjarmasin-tengah,308,,,0,1,https://visitbanjarmasin.id/en/explore/wisata-malam-di-banjarmasin-tengah
0,https://www.visitbanjarmasin.id/ms/explore/wisata-kuliner-di-lok-baintan,Wisata Kuliner di Lok Baintan di Banjarmasin | Visit Banjarmasin,text/html; charset=utf-8,false,200,0,false,https://visitbanjarmasin.id/ms/explore/wisata-kuliner-di-lok-baintan,308,,,0,1,https://visitbanjarmasin.id/ms/explore/wisata-kuliner-di-lok-baintan
0,https://www.visitbanjarmasin.id/ms/explore/sewa-mobil-di-lok-baintan,Sewa Mobil di Lok Baintan di Banjarmasin | Visit Banjarmasin,text/html; charset=utf-8,false,200,0,false,https://visitbanjarmasin.id/ms/explore/sewa-mobil-di-lok-baintan,308,,,0,1,https://visitbanjarmasin.id/ms/explore/sewa-mobil-di-lok-baintan
0,https://www.visitbanjarmasin.id/en/explore/oleh-oleh-khas-di-sultan-adam,Oleh-oleh Khas di Sultan Adam in Banjarmasin | Visit Banjarmasin,text/html; charset=utf-8,false,200,0,false,https://visitbanjarmasin.id/en/explore/oleh-oleh-khas-di-sultan-adam,308,,,0,1,https://visitbanjarmasin.id/en/explore/oleh-oleh-khas-di-sultan-adam
0,https://www.visitbanjarmasin.id/ms/explore/tempat-wisata-di-gatot-subroto,Tempat Wisata di Gatot Subroto di Banjarmasin | Visit Banjarmasin,text/html; charset=utf-8,false,200,0,false,https://visitbanjarmasin.id/ms/explore/tempat-wisata-di-gatot-subroto,308,,,0,1,https://visitbanjarmasin.id/ms/explore/tempat-wisata-di-gatot-subroto
0,https://www.visitbanjarmasin.id/zh/explore/sewa-mobil-di-banjarmasin-barat,Sewa Mobil di Banjarmasin Barat（班贾尔马辛）| 马辰旅游,text/html; charset=utf-8,false,200,0,false,https://visitbanjarmasin.id/zh/explore/sewa-mobil-di-banjarmasin-barat,308,,,0,1,https://visitbanjarmasin.id/zh/explore/sewa-mobil-di-banjarmasin-barat
0,https://www.visitbanjarmasin.id/ms/explore/tempat-wisata-di-sultan-adam,Tempat Wisata di Sultan Adam di Banjarmasin | Visit Banjarmasin,text/html; charset=utf-8,false,200,0,false,https://visitbanjarmasin.id/ms/explore/tempat-wisata-di-sultan-adam,308,,,0,1,https://visitbanjarmasin.id/ms/explore/tempat-wisata-di-sultan-adam
0,https://www.visitbanjarmasin.id/zh/explore/tempat-wisata-di-banjarmasin-utara,Tempat Wisata di Banjarmasin Utara（班贾尔马辛）| 马辰旅游,text/html; charset=utf-8,false,200,0,false,https://visitbanjarmasin.id/zh/explore/tempat-wisata-di-banjarmasin-utara,308,,,0,1,https://visitbanjarmasin.id/zh/explore/tempat-wisata-di-banjarmasin-utara
0,https://www.visitbanjarmasin.id/zh/explore/wisata-kuliner-di-sungai-andai,Wisata Kuliner di Sungai Andai（班贾尔马辛）| 马辰旅游,text/html; charset=utf-8,false,200,0,false,https://visitbanjarmasin.id/zh/explore/wisata-kuliner-di-sungai-andai,308,,,0,1,https://visitbanjarmasin.id/zh/explore/wisata-kuliner-di-sungai-andai
0,https://www.visitbanjarmasin.id/en/explore/wisata-kuliner-di-sultan-adam,Wisata Kuliner di Sultan Adam in Banjarmasin | Visit Banjarmasin,text/html; charset=utf-8,false,200,0,false,https://visitbanjarmasin.id/en/explore/wisata-kuliner-di-sultan-adam,308,,,0,1,https://visitbanjarmasin.id/en/explore/wisata-kuliner-di-sultan-adam
0,https://www.visitbanjarmasin.id/ms/explore/hotel-murah-di-banjarmasin-tengah,Hotel Murah di Banjarmasin Tengah di Banjarmasin | Visit Banjarmasin,text/html; charset=utf-8,false,200,0,false,https://visitbanjarmasin.id/ms/explore/hotel-murah-di-banjarmasin-tengah,308,,,0,1,https://visitbanjarmasin.id/ms/explore/hotel-murah-di-banjarmasin-tengah
0,https://www.visitbanjarmasin.id/explore/wisata-kuliner-di-gatot-subroto,Wisata Kuliner di Gatot Subroto | Visit Banjarmasin,text/html; charset=utf-8,false,200,0,false,https://visitbanjarmasin.id/explore/wisata-kuliner-di-gatot-subroto,308,,,0,1,https://visitbanjarmasin.id/explore/wisata-kuliner-di-gatot-subroto
0,https://www.visitbanjarmasin.id/en/explore/wisata-kuliner-di-banjarmasin-utara,Wisata Kuliner di Banjarmasin Utara in Banjarmasin | Visit Banjarmasin,text/html; charset=utf-8,false,200,0,false,https://visitbanjarmasin.id/en/explore/wisata-kuliner-di-banjarmasin-utara,308,,,0,1,https://visitbanjarmasin.id/en/explore/wisata-kuliner-di-banjarmasin-utara
0,https://www.visitbanjarmasin.id/zh/explore/tempat-nongkrong-di-kuin,Tempat Nongkrong di Kuin（班贾尔马辛）| 马辰旅游,text/html; charset=utf-8,false,200,0,false,https://visitbanjarmasin.id/zh/explore/tempat-nongkrong-di-kuin,308,,,0,1,https://visitbanjarmasin.id/zh/explore/tempat-nongkrong-di-kuin
0,https://www.visitbanjarmasin.id/ms/explore/wisata-kuliner-di-sultan-adam,Wisata Kuliner di Sultan Adam di Banjarmasin | Visit Banjarmasin,text/html; charset=utf-8,false,200,0,false,https://visitbanjarmasin.id/ms/explore/wisata-kuliner-di-sultan-adam,308,,,0,1,https://visitbanjarmasin.id/ms/explore/wisata-kuliner-di-sultan-adam
0,https://www.visitbanjarmasin.id/explore/wisata-malam-di-banjarmasin-timur,Wisata Malam di Banjarmasin Timur | Visit Banjarmasin,text/html; charset=utf-8,false,200,0,false,https://visitbanjarmasin.id/explore/wisata-malam-di-banjarmasin-timur,308,,,0,1,https://visitbanjarmasin.id/explore/wisata-malam-di-banjarmasin-timur
0,https://www.visitbanjarmasin.id/ms/explore/hotel-murah-di-banjarmasin-timur,Hotel Murah di Banjarmasin Timur di Banjarmasin | Visit Banjarmasin,text/html; charset=utf-8,false,200,0,false,https://visitbanjarmasin.id/ms/explore/hotel-murah-di-banjarmasin-timur,308,,,0,1,https://visitbanjarmasin.id/ms/explore/hotel-murah-di-banjarmasin-timur
0,https://www.visitbanjarmasin.id/en/explore/sewa-mobil-di-banjarmasin-barat,Sewa Mobil di Banjarmasin Barat in Banjarmasin | Visit Banjarmasin,text/html; charset=utf-8,false,200,0,false,https://visitbanjarmasin.id/en/explore/sewa-mobil-di-banjarmasin-barat,308,,,0,1,https://visitbanjarmasin.id/en/explore/sewa-mobil-di-banjarmasin-barat
0,https://www.visitbanjarmasin.id/en/explore/sewa-mobil-di-lok-baintan,Sewa Mobil di Lok Baintan in Banjarmasin | Visit Banjarmasin,text/html; charset=utf-8,false,200,0,false,https://visitbanjarmasin.id/en/explore/sewa-mobil-di-lok-baintan,308,,,0,1,https://visitbanjarmasin.id/en/explore/sewa-mobil-di-lok-baintan
0,https://www.visitbanjarmasin.id/explore/wisata-malam-di-banjarmasin-barat,Wisata Malam di Banjarmasin Barat | Visit Banjarmasin,text/html; charset=utf-8,false,200,0,false,https://visitbanjarmasin.id/explore/wisata-malam-di-banjarmasin-barat,308,,,0,1,https://visitbanjarmasin.id/explore/wisata-malam-di-banjarmasin-barat
0,https://www.visitbanjarmasin.id/explore/wisata-kuliner-di-lok-baintan,Wisata Kuliner di Lok Baintan | Visit Banjarmasin,text/html; charset=utf-8,false,200,0,false,https://visitbanjarmasin.id/explore/wisata-kuliner-di-lok-baintan,308,,,0,1,https://visitbanjarmasin.id/explore/wisata-kuliner-di-lok-baintan
0,https://www.visitbanjarmasin.id/explore/sewa-mobil-di-banjarmasin-timur,Sewa Mobil di Banjarmasin Timur | Visit Banjarmasin,text/html; charset=utf-8,false,200,0,false,https://visitbanjarmasin.id/explore/sewa-mobil-di-banjarmasin-timur,308,,,0,1,https://visitbanjarmasin.id/explore/sewa-mobil-di-banjarmasin-timur
0,https://www.visitbanjarmasin.id/en/explore/sewa-mobil-di-kayutangi,Sewa Mobil di Kayutangi in Banjarmasin | Visit Banjarmasin,text/html; charset=utf-8,false,200,0,false,https://visitbanjarmasin.id/en/explore/sewa-mobil-di-kayutangi,308,,,0,1,https://visitbanjarmasin.id/en/explore/sewa-mobil-di-kayutangi
0,https://www.visitbanjarmasin.id/zh/explore/sewa-mobil-di-banjarmasin-utara,Sewa Mobil di Banjarmasin Utara（班贾尔马辛）| 马辰旅游,text/html; charset=utf-8,false,200,0,false,https://visitbanjarmasin.id/zh/explore/sewa-mobil-di-banjarmasin-utara,308,,,0,1,https://visitbanjarmasin.id/zh/explore/sewa-mobil-di-banjarmasin-utara
0,https://www.visitbanjarmasin.id/explore/oleh-oleh-khas-di-lok-baintan,Oleh-oleh Khas di Lok Baintan | Visit Banjarmasin,text/html; charset=utf-8,false,200,0,false,https://visitbanjarmasin.id/explore/oleh-oleh-khas-di-lok-baintan,308,,,0,1,https://visitbanjarmasin.id/explore/oleh-oleh-khas-di-lok-baintan
0,https://www.visitbanjarmasin.id/en/explore/oleh-oleh-khas-di-kayutangi,Oleh-oleh Khas di Kayutangi in Banjarmasin | Visit Banjarmasin,text/html; charset=utf-8,false,200,0,false,https://visitbanjarmasin.id/en/explore/oleh-oleh-khas-di-kayutangi,308,,,0,1,https://visitbanjarmasin.id/en/explore/oleh-oleh-khas-di-kayutangi
0,https://www.visitbanjarmasin.id/en/explore/wisata-malam-di-sultan-adam,Wisata Malam di Sultan Adam in Banjarmasin | Visit Banjarmasin,text/html; charset=utf-8,false,200,0,false,https://visitbanjarmasin.id/en/explore/wisata-malam-di-sultan-adam,308,,,0,1,https://visitbanjarmasin.id/en/explore/wisata-malam-di-sultan-adam
0,https://www.visitbanjarmasin.id/zh/explore/tempat-nongkrong-di-sultan-adam,Tempat Nongkrong di Sultan Adam（班贾尔马辛）| 马辰旅游,text/html; charset=utf-8,false,200,0,false,https://visitbanjarmasin.id/zh/explore/tempat-nongkrong-di-sultan-adam,308,,,0,1,https://visitbanjarmasin.id/zh/explore/tempat-nongkrong-di-sultan-adam
0,https://www.visitbanjarmasin.id/ms/explore/wisata-kuliner-di-banjarmasin-barat,Wisata Kuliner di Banjarmasin Barat di Banjarmasin | Visit Banjarmasin,text/html; charset=utf-8,false,200,0,false,https://visitbanjarmasin.id/ms/explore/wisata-kuliner-di-banjarmasin-barat,308,,,0,1,https://visitbanjarmasin.id/ms/explore/wisata-kuliner-di-banjarmasin-barat
0,https://www.visitbanjarmasin.id/explore/wisata-malam-di-sungai-andai,Wisata Malam di Sungai Andai | Visit Banjarmasin,text/html; charset=utf-8,false,200,0,false,https://visitbanjarmasin.id/explore/wisata-malam-di-sungai-andai,308,,,0,1,https://visitbanjarmasin.id/explore/wisata-malam-di-sungai-andai
0,https://www.visitbanjarmasin.id/explore/oleh-oleh-khas-di-sungai-andai,Oleh-oleh Khas di Sungai Andai | Visit Banjarmasin,text/html; charset=utf-8,false,200,0,false,https://visitbanjarmasin.id/explore/oleh-oleh-khas-di-sungai-andai,308,,,0,1,https://visitbanjarmasin.id/explore/oleh-oleh-khas-di-sungai-andai
0,https://www.visitbanjarmasin.id/en/explore/tempat-nongkrong-di-banjarmasin-utara,Tempat Nongkrong di Banjarmasin Utara in Banjarmasin | Visit Banjarmasin,text/html; charset=utf-8,false,200,0,false,https://visitbanjarmasin.id/en/explore/tempat-nongkrong-di-banjarmasin-utara,308,,,0,1,https://visitbanjarmasin.id/en/explore/tempat-nongkrong-di-banjarmasin-utara
0,https://www.visitbanjarmasin.id/en/explore/hotel-murah-di-sungai-andai,Hotel Murah di Sungai Andai in Banjarmasin | Visit Banjarmasin,text/html; charset=utf-8,false,200,0,false,https://visitbanjarmasin.id/en/explore/hotel-murah-di-sungai-andai,308,,,0,1,https://visitbanjarmasin.id/en/explore/hotel-murah-di-sungai-andai
0,https://www.visitbanjarmasin.id/zh/explore/sewa-mobil-di-sultan-adam,Sewa Mobil di Sultan Adam（班贾尔马辛）| 马辰旅游,text/html; charset=utf-8,false,200,0,false,https://visitbanjarmasin.id/zh/explore/sewa-mobil-di-sultan-adam,308,,,0,1,https://visitbanjarmasin.id/zh/explore/sewa-mobil-di-sultan-adam
0,https://www.visitbanjarmasin.id/en/explore/tempat-wisata-di-banjarmasin-barat,Tempat Wisata di Banjarmasin Barat in Banjarmasin | Visit Banjarmasin,text/html; charset=utf-8,false,200,0,false,https://visitbanjarmasin.id/en/explore/tempat-wisata-di-banjarmasin-barat,308,,,0,1,https://visitbanjarmasin.id/en/explore/tempat-wisata-di-banjarmasin-barat
0,https://www.visitbanjarmasin.id/explore/tempat-nongkrong-di-banjarmasin-selatan,Tempat Nongkrong di Banjarmasin Selatan | Visit Banjarmasin,text/html; charset=utf-8,false,200,0,false,https://visitbanjarmasin.id/explore/tempat-nongkrong-di-banjarmasin-selatan,308,,,0,1,https://visitbanjarmasin.id/explore/tempat-nongkrong-di-banjarmasin-selatan
0,https://www.visitbanjarmasin.id/zh/explore/sewa-mobil-di-lok-baintan,Sewa Mobil di Lok Baintan（班贾尔马辛）| 马辰旅游,text/html; charset=utf-8,false,200,0,false,https://visitbanjarmasin.id/zh/explore/sewa-mobil-di-lok-baintan,308,,,0,1,https://visitbanjarmasin.id/zh/explore/sewa-mobil-di-lok-baintan
0,https://www.visitbanjarmasin.id/explore/sewa-mobil-di-kuin,Sewa Mobil di Kuin | Visit Banjarmasin,text/html; charset=utf-8,false,200,0,false,https://visitbanjarmasin.id/explore/sewa-mobil-di-kuin,308,,,0,1,https://visitbanjarmasin.id/explore/sewa-mobil-di-kuin
0,https://www.visitbanjarmasin.id/zh/explore/wisata-malam-di-banjarmasin-tengah,Wisata Malam di Banjarmasin Tengah（班贾尔马辛）| 马辰旅游,text/html; charset=utf-8,false,200,0,false,https://visitbanjarmasin.id/zh/explore/wisata-malam-di-banjarmasin-tengah,308,,,0,1,https://visitbanjarmasin.id/zh/explore/wisata-malam-di-banjarmasin-tengah
0,https://www.visitbanjarmasin.id/ms/explore/oleh-oleh-khas-di-banjarmasin-timur,Oleh-oleh Khas di Banjarmasin Timur di Banjarmasin | Visit Banjarmasin,text/html; charset=utf-8,false,200,0,false,https://visitbanjarmasin.id/ms/explore/oleh-oleh-khas-di-banjarmasin-timur,308,,,0,1,https://visitbanjarmasin.id/ms/explore/oleh-oleh-khas-di-banjarmasin-timur
0,https://www.visitbanjarmasin.id/explore/sewa-mobil-di-gatot-subroto,Sewa Mobil di Gatot Subroto | Visit Banjarmasin,text/html; charset=utf-8,false,200,0,false,https://visitbanjarmasin.id/explore/sewa-mobil-di-gatot-subroto,308,,,0,1,https://visitbanjarmasin.id/explore/sewa-mobil-di-gatot-subroto
0,https://www.visitbanjarmasin.id/explore/wisata-kuliner-di-sultan-adam,Wisata Kuliner di Sultan Adam | Visit Banjarmasin,text/html; charset=utf-8,false,200,0,false,https://visitbanjarmasin.id/explore/wisata-kuliner-di-sultan-adam,308,,,0,1,https://visitbanjarmasin.id/explore/wisata-kuliner-di-sultan-adam
0,https://www.visitbanjarmasin.id/explore/wisata-malam-di-sultan-adam,Wisata Malam di Sultan Adam | Visit Banjarmasin,text/html; charset=utf-8,false,200,0,false,https://visitbanjarmasin.id/explore/wisata-malam-di-sultan-adam,308,,,0,1,https://visitbanjarmasin.id/explore/wisata-malam-di-sultan-adam
0,https://www.visitbanjarmasin.id/en/explore/wisata-malam-di-kuin,Wisata Malam di Kuin in Banjarmasin | Visit Banjarmasin,text/html; charset=utf-8,false,200,0,false,https://visitbanjarmasin.id/en/explore/wisata-malam-di-kuin,308,,,0,1,https://visitbanjarmasin.id/en/explore/wisata-malam-di-kuin
0,https://www.visitbanjarmasin.id/ms/explore/wisata-malam-di-lok-baintan,Wisata Malam di Lok Baintan di Banjarmasin | Visit Banjarmasin,text/html; charset=utf-8,false,200,0,false,https://visitbanjarmasin.id/ms/explore/wisata-malam-di-lok-baintan,308,,,0,1,https://visitbanjarmasin.id/ms/explore/wisata-malam-di-lok-baintan
0,https://www.visitbanjarmasin.id/explore/hotel-murah-di-banjarmasin-barat,Hotel Murah di Banjarmasin Barat | Visit Banjarmasin,text/html; charset=utf-8,false,200,0,false,https://visitbanjarmasin.id/explore/hotel-murah-di-banjarmasin-barat,308,,,0,1,https://visitbanjarmasin.id/explore/hotel-murah-di-banjarmasin-barat
0,https://www.visitbanjarmasin.id/zh/explore/wisata-malam-di-kuin,Wisata Malam di Kuin（班贾尔马辛）| 马辰旅游,text/html; charset=utf-8,false,200,0,false,https://visitbanjarmasin.id/zh/explore/wisata-malam-di-kuin,308,,,0,1,https://visitbanjarmasin.id/zh/explore/wisata-malam-di-kuin
0,https://www.visitbanjarmasin.id/ms/explore/hotel-murah-di-lok-baintan,Hotel Murah di Lok Baintan di Banjarmasin | Visit Banjarmasin,text/html; charset=utf-8,false,200,0,false,https://visitbanjarmasin.id/ms/explore/hotel-murah-di-lok-baintan,308,,,0,1,https://visitbanjarmasin.id/ms/explore/hotel-murah-di-lok-baintan
0,https://www.visitbanjarmasin.id/en/explore/wisata-kuliner-di-sungai-andai,Wisata Kuliner di Sungai Andai in Banjarmasin | Visit Banjarmasin,text/html; charset=utf-8,false,200,0,false,https://visitbanjarmasin.id/en/explore/wisata-kuliner-di-sungai-andai,308,,,0,1,https://visitbanjarmasin.id/en/explore/wisata-kuliner-di-sungai-andai
0,https://www.visitbanjarmasin.id/en/explore/oleh-oleh-khas-di-sungai-andai,Oleh-oleh Khas di Sungai Andai in Banjarmasin | Visit Banjarmasin,text/html; charset=utf-8,false,200,0,false,https://visitbanjarmasin.id/en/explore/oleh-oleh-khas-di-sungai-andai,308,,,0,1,https://visitbanjarmasin.id/en/explore/oleh-oleh-khas-di-sungai-andai
0,https://www.visitbanjarmasin.id/ms/explore/wisata-malam-di-kayutangi,Wisata Malam di Kayutangi di Banjarmasin | Visit Banjarmasin,text/html; charset=utf-8,false,200,0,false,https://visitbanjarmasin.id/ms/explore/wisata-malam-di-kayutangi,308,,,0,1,https://visitbanjarmasin.id/ms/explore/wisata-malam-di-kayutangi
0,https://www.visitbanjarmasin.id/zh/explore/wisata-malam-di-sultan-adam,Wisata Malam di Sultan Adam（班贾尔马辛）| 马辰旅游,text/html; charset=utf-8,false,200,0,false,https://visitbanjarmasin.id/zh/explore/wisata-malam-di-sultan-adam,308,,,0,1,https://visitbanjarmasin.id/zh/explore/wisata-malam-di-sultan-adam
0,https://www.visitbanjarmasin.id/ms/explore/hotel-murah-di-banjarmasin-utara,Hotel Murah di Banjarmasin Utara di Banjarmasin | Visit Banjarmasin,text/html; charset=utf-8,false,200,0,false,https://visitbanjarmasin.id/ms/explore/hotel-murah-di-banjarmasin-utara,308,,,0,1,https://visitbanjarmasin.id/ms/explore/hotel-murah-di-banjarmasin-utara
0,https://www.visitbanjarmasin.id/ms/explore/wisata-kuliner-di-gatot-subroto,Wisata Kuliner di Gatot Subroto di Banjarmasin | Visit Banjarmasin,text/html; charset=utf-8,false,200,0,false,https://visitbanjarmasin.id/ms/explore/wisata-kuliner-di-gatot-subroto,308,,,0,1,https://visitbanjarmasin.id/ms/explore/wisata-kuliner-di-gatot-subroto
0,https://www.visitbanjarmasin.id/zh/explore/sewa-mobil-di-gatot-subroto,Sewa Mobil di Gatot Subroto（班贾尔马辛）| 马辰旅游,text/html; charset=utf-8,false,200,0,false,https://visitbanjarmasin.id/zh/explore/sewa-mobil-di-gatot-subroto,308,,,0,1,https://visitbanjarmasin.id/zh/explore/sewa-mobil-di-gatot-subroto
0,https://www.visitbanjarmasin.id/ms/explore/tempat-nongkrong-di-banjarmasin-tengah,Tempat Nongkrong di Banjarmasin Tengah di Banjarmasin | Visit Banjarmasin,text/html; charset=utf-8,false,200,0,false,https://visitbanjarmasin.id/ms/explore/tempat-nongkrong-di-banjarmasin-tengah,308,,,0,1,https://visitbanjarmasin.id/ms/explore/tempat-nongkrong-di-banjarmasin-tengah
0,https://www.visitbanjarmasin.id/explore/wisata-kuliner-di-kayutangi,Wisata Kuliner di Kayutangi | Visit Banjarmasin,text/html; charset=utf-8,false,200,0,false,https://visitbanjarmasin.id/explore/wisata-kuliner-di-kayutangi,308,,,0,1,https://visitbanjarmasin.id/explore/wisata-kuliner-di-kayutangi
0,https://www.visitbanjarmasin.id/blog/filosofi-wastra-kain-sasirangan-banjar,Keajaiban Wastra: Makna Filosofis Dibalik Motif Kain Sasirangan | Visit Banjarmasin Blog,text/html; charset=utf-8,false,200,0,false,https://visitbanjarmasin.id/blog/filosofi-wastra-kain-sasirangan-banjar,308,,,0,5,https://visitbanjarmasin.id/blog/filosofi-wastra-kain-sasirangan-banjar
0,https://www.visitbanjarmasin.id/zh/explore/wisata-kuliner-di-banjarmasin-barat,Wisata Kuliner di Banjarmasin Barat（班贾尔马辛）| 马辰旅游,text/html; charset=utf-8,false,200,0,false,https://visitbanjarmasin.id/zh/explore/wisata-kuliner-di-banjarmasin-barat,308,,,0,1,https://visitbanjarmasin.id/zh/explore/wisata-kuliner-di-banjarmasin-barat
0,https://www.visitbanjarmasin.id/ms/explore/tempat-wisata-di-lok-baintan,Tempat Wisata di Lok Baintan di Banjarmasin | Visit Banjarmasin,text/html; charset=utf-8,false,200,0,false,https://visitbanjarmasin.id/ms/explore/tempat-wisata-di-lok-baintan,308,,,0,1,https://visitbanjarmasin.id/ms/explore/tempat-wisata-di-lok-baintan
0,https://www.visitbanjarmasin.id/en/explore/tempat-nongkrong-di-gatot-subroto,Tempat Nongkrong di Gatot Subroto in Banjarmasin | Visit Banjarmasin,text/html; charset=utf-8,false,200,0,false,https://visitbanjarmasin.id/en/explore/tempat-nongkrong-di-gatot-subroto,308,,,0,1,https://visitbanjarmasin.id/en/explore/tempat-nongkrong-di-gatot-subroto
0,https://www.visitbanjarmasin.id/zh/explore/tempat-nongkrong-di-banjarmasin-barat,Tempat Nongkrong di Banjarmasin Barat（班贾尔马辛）| 马辰旅游,text/html; charset=utf-8,false,200,0,false,https://visitbanjarmasin.id/zh/explore/tempat-nongkrong-di-banjarmasin-barat,308,,,0,1,https://visitbanjarmasin.id/zh/explore/tempat-nongkrong-di-banjarmasin-barat
0,https://www.visitbanjarmasin.id/explore/wisata-kuliner-di-sungai-andai,Wisata Kuliner di Sungai Andai | Visit Banjarmasin,text/html; charset=utf-8,false,200,0,false,https://visitbanjarmasin.id/explore/wisata-kuliner-di-sungai-andai,308,,,0,1,https://visitbanjarmasin.id/explore/wisata-kuliner-di-sungai-andai
0,https://www.visitbanjarmasin.id/zh/explore/tempat-wisata-di-banjarmasin-selatan,Tempat Wisata di Banjarmasin Selatan（班贾尔马辛）| 马辰旅游,text/html; charset=utf-8,false,200,0,false,https://visitbanjarmasin.id/zh/explore/tempat-wisata-di-banjarmasin-selatan,308,,,0,1,https://visitbanjarmasin.id/zh/explore/tempat-wisata-di-banjarmasin-selatan
0,https://www.visitbanjarmasin.id/zh/explore/oleh-oleh-khas-di-banjarmasin-utara,Oleh-oleh Khas di Banjarmasin Utara（班贾尔马辛）| 马辰旅游,text/html; charset=utf-8,false,200,0,false,https://visitbanjarmasin.id/zh/explore/oleh-oleh-khas-di-banjarmasin-utara,308,,,0,1,https://visitbanjarmasin.id/zh/explore/oleh-oleh-khas-di-banjarmasin-utara
0,https://www.visitbanjarmasin.id/ms/explore/tempat-nongkrong-di-lok-baintan,Tempat Nongkrong di Lok Baintan di Banjarmasin | Visit Banjarmasin,text/html; charset=utf-8,false,200,0,false,https://visitbanjarmasin.id/ms/explore/tempat-nongkrong-di-lok-baintan,308,,,0,1,https://visitbanjarmasin.id/ms/explore/tempat-nongkrong-di-lok-baintan
0,https://www.visitbanjarmasin.id/blog/sejarah-pasar-terapung-lok-baintan,Sejarah Panjang Pasar Terapung Lok Baintan Pariwisata Banjarmasin | Visit Banjarmasin Blog,text/html; charset=utf-8,false,200,0,false,https://visitbanjarmasin.id/blog/sejarah-pasar-terapung-lok-baintan,308,,,0,5,https://visitbanjarmasin.id/blog/sejarah-pasar-terapung-lok-baintan
0,https://www.visitbanjarmasin.id/en/explore/tempat-nongkrong-di-kuin,Tempat Nongkrong di Kuin in Banjarmasin | Visit Banjarmasin,text/html; charset=utf-8,false,200,0,false,https://visitbanjarmasin.id/en/explore/tempat-nongkrong-di-kuin,308,,,0,1,https://visitbanjarmasin.id/en/explore/tempat-nongkrong-di-kuin
0,https://www.visitbanjarmasin.id/explore/wisata-malam-di-kayutangi,Wisata Malam di Kayutangi | Visit Banjarmasin,text/html; charset=utf-8,false,200,0,false,https://visitbanjarmasin.id/explore/wisata-malam-di-kayutangi,308,,,0,1,https://visitbanjarmasin.id/explore/wisata-malam-di-kayutangi
0,https://www.visitbanjarmasin.id/zh/explore/hotel-murah-di-gatot-subroto,Hotel Murah di Gatot Subroto（班贾尔马辛）| 马辰旅游,text/html; charset=utf-8,false,200,0,false,https://visitbanjarmasin.id/zh/explore/hotel-murah-di-gatot-subroto,308,,,0,1,https://visitbanjarmasin.id/zh/explore/hotel-murah-di-gatot-subroto
0,https://www.visitbanjarmasin.id/zh/blog,博客与旅游文章 | Visit Banjarmasin,text/html; charset=utf-8,false,200,0,false,https://visitbanjarmasin.id/zh/blog,308,,,0,5,https://visitbanjarmasin.id/zh/blog
0,https://www.visitbanjarmasin.id/en/explore/wisata-malam-di-sungai-andai,Wisata Malam di Sungai Andai in Banjarmasin | Visit Banjarmasin,text/html; charset=utf-8,false,200,0,false,https://visitbanjarmasin.id/en/explore/wisata-malam-di-sungai-andai,308,,,0,1,https://visitbanjarmasin.id/en/explore/wisata-malam-di-sungai-andai
0,https://www.visitbanjarmasin.id/explore/tempat-wisata-di-kuin,Tempat Wisata di Kuin | Visit Banjarmasin,text/html; charset=utf-8,false,200,0,false,https://visitbanjarmasin.id/explore/tempat-wisata-di-kuin,308,,,0,1,https://visitbanjarmasin.id/explore/tempat-wisata-di-kuin
0,https://www.visitbanjarmasin.id/en/blog/5-tempat-nongkrong-di-banjarmasin,5 Afternoon Hangout Spots Along the Martapura River You Must Visit | Visit Banjarmasin Blog,text/html; charset=utf-8,false,200,0,false,https://visitbanjarmasin.id/en/blog/5-tempat-nongkrong-di-banjarmasin,308,,,0,5,https://visitbanjarmasin.id/en/blog/5-tempat-nongkrong-di-banjarmasin
0,https://www.visitbanjarmasin.id/en/explore/wisata-kuliner-di-banjarmasin-tengah,Wisata Kuliner di Banjarmasin Tengah in Banjarmasin | Visit Banjarmasin,text/html; charset=utf-8,false,200,0,false,https://visitbanjarmasin.id/en/explore/wisata-kuliner-di-banjarmasin-tengah,308,,,0,1,https://visitbanjarmasin.id/en/explore/wisata-kuliner-di-banjarmasin-tengah
0,https://www.visitbanjarmasin.id/ms/explore/wisata-malam-di-banjarmasin-barat,Wisata Malam di Banjarmasin Barat di Banjarmasin | Visit Banjarmasin,text/html; charset=utf-8,false,200,0,false,https://visitbanjarmasin.id/ms/explore/wisata-malam-di-banjarmasin-barat,308,,,0,1,https://visitbanjarmasin.id/ms/explore/wisata-malam-di-banjarmasin-barat
0,https://www.visitbanjarmasin.id/ms/explore/hotel-murah-di-banjarmasin-barat,Hotel Murah di Banjarmasin Barat di Banjarmasin | Visit Banjarmasin,text/html; charset=utf-8,false,200,0,false,https://visitbanjarmasin.id/ms/explore/hotel-murah-di-banjarmasin-barat,308,,,0,1,https://visitbanjarmasin.id/ms/explore/hotel-murah-di-banjarmasin-barat
0,https://www.visitbanjarmasin.id/zh/explore/wisata-kuliner-di-banjarmasin-selatan,Wisata Kuliner di Banjarmasin Selatan（班贾尔马辛）| 马辰旅游,text/html; charset=utf-8,false,200,0,false,https://visitbanjarmasin.id/zh/explore/wisata-kuliner-di-banjarmasin-selatan,308,,,0,1,https://visitbanjarmasin.id/zh/explore/wisata-kuliner-di-banjarmasin-selatan
0,https://www.visitbanjarmasin.id/zh/explore/tempat-wisata-di-kuin,Tempat Wisata di Kuin（班贾尔马辛）| 马辰旅游,text/html; charset=utf-8,false,200,0,false,https://visitbanjarmasin.id/zh/explore/tempat-wisata-di-kuin,308,,,0,1,https://visitbanjarmasin.id/zh/explore/tempat-wisata-di-kuin
0,https://www.visitbanjarmasin.id/zh/explore/tempat-wisata-di-banjarmasin-timur,Tempat Wisata di Banjarmasin Timur（班贾尔马辛）| 马辰旅游,text/html; charset=utf-8,false,200,0,false,https://visitbanjarmasin.id/zh/explore/tempat-wisata-di-banjarmasin-timur,308,,,0,1,https://visitbanjarmasin.id/zh/explore/tempat-wisata-di-banjarmasin-timur
0,https://www.visitbanjarmasin.id/explore/oleh-oleh-khas-di-sultan-adam,Oleh-oleh Khas di Sultan Adam | Visit Banjarmasin,text/html; charset=utf-8,false,200,0,false,https://visitbanjarmasin.id/explore/oleh-oleh-khas-di-sultan-adam,308,,,0,1,https://visitbanjarmasin.id/explore/oleh-oleh-khas-di-sultan-adam
0,https://www.visitbanjarmasin.id/zh/explore/oleh-oleh-khas-di-banjarmasin-barat,Oleh-oleh Khas di Banjarmasin Barat（班贾尔马辛）| 马辰旅游,text/html; charset=utf-8,false,200,0,false,https://visitbanjarmasin.id/zh/explore/oleh-oleh-khas-di-banjarmasin-barat,308,,,0,1,https://visitbanjarmasin.id/zh/explore/oleh-oleh-khas-di-banjarmasin-barat
0,https://www.visitbanjarmasin.id/ms/explore/oleh-oleh-khas-di-banjarmasin-tengah,Oleh-oleh Khas di Banjarmasin Tengah di Banjarmasin | Visit Banjarmasin,text/html; charset=utf-8,false,200,0,false,https://visitbanjarmasin.id/ms/explore/oleh-oleh-khas-di-banjarmasin-tengah,308,,,0,1,https://visitbanjarmasin.id/ms/explore/oleh-oleh-khas-di-banjarmasin-tengah
0,https://www.visitbanjarmasin.id/ms/explore/oleh-oleh-khas-di-lok-baintan,Oleh-oleh Khas di Lok Baintan di Banjarmasin | Visit Banjarmasin,text/html; charset=utf-8,false,200,0,false,https://visitbanjarmasin.id/ms/explore/oleh-oleh-khas-di-lok-baintan,308,,,0,1,https://visitbanjarmasin.id/ms/explore/oleh-oleh-khas-di-lok-baintan
0,https://www.visitbanjarmasin.id/explore/sewa-mobil-di-banjarmasin-barat,Sewa Mobil di Banjarmasin Barat | Visit Banjarmasin,text/html; charset=utf-8,false,200,0,false,https://visitbanjarmasin.id/explore/sewa-mobil-di-banjarmasin-barat,308,,,0,1,https://visitbanjarmasin.id/explore/sewa-mobil-di-banjarmasin-barat
0,https://www.visitbanjarmasin.id/zh/explore/wisata-kuliner-di-kuin,Wisata Kuliner di Kuin（班贾尔马辛）| 马辰旅游,text/html; charset=utf-8,false,200,0,false,https://visitbanjarmasin.id/zh/explore/wisata-kuliner-di-kuin,308,,,0,1,https://visitbanjarmasin.id/zh/explore/wisata-kuliner-di-kuin
0,https://www.visitbanjarmasin.id/ms/explore/tempat-nongkrong-di-banjarmasin-selatan,Tempat Nongkrong di Banjarmasin Selatan di Banjarmasin | Visit Banjarmasin,text/html; charset=utf-8,false,200,0,false,https://visitbanjarmasin.id/ms/explore/tempat-nongkrong-di-banjarmasin-selatan,308,,,0,1,https://visitbanjarmasin.id/ms/explore/tempat-nongkrong-di-banjarmasin-selatan
0,https://www.visitbanjarmasin.id/explore/hotel-murah-di-sultan-adam,Hotel Murah di Sultan Adam | Visit Banjarmasin,text/html; charset=utf-8,false,200,0,false,https://visitbanjarmasin.id/explore/hotel-murah-di-sultan-adam,308,,,0,1,https://visitbanjarmasin.id/explore/hotel-murah-di-sultan-adam
0,https://www.visitbanjarmasin.id/ms/blog/panduan-naik-brt-banjarbakula,Panduan Pelancong Menggunakan Pengangkutan BRT Trans Banjarbakula | Visit Banjarmasin Blog,text/html; charset=utf-8,false,200,0,false,https://visitbanjarmasin.id/ms/blog/panduan-naik-brt-banjarbakula,308,,,0,5,https://visitbanjarmasin.id/ms/blog/panduan-naik-brt-banjarbakula
0,https://www.visitbanjarmasin.id/en/explore/tempat-wisata-di-banjarmasin-tengah,Tempat Wisata di Banjarmasin Tengah in Banjarmasin | Visit Banjarmasin,text/html; charset=utf-8,false,200,0,false,https://visitbanjarmasin.id/en/explore/tempat-wisata-di-banjarmasin-tengah,308,,,0,1,https://visitbanjarmasin.id/en/explore/tempat-wisata-di-banjarmasin-tengah
0,https://www.visitbanjarmasin.id/en/explore/sewa-mobil-di-banjarmasin-utara,Sewa Mobil di Banjarmasin Utara in Banjarmasin | Visit Banjarmasin,text/html; charset=utf-8,false,200,0,false,https://visitbanjarmasin.id/en/explore/sewa-mobil-di-banjarmasin-utara,308,,,0,1,https://visitbanjarmasin.id/en/explore/sewa-mobil-di-banjarmasin-utara
0,https://www.visitbanjarmasin.id/blog,Blog & Artikel Wisata | Visit Banjarmasin,text/html; charset=utf-8,false,200,0,false,https://visitbanjarmasin.id/blog,308,,,0,5,https://visitbanjarmasin.id/blog
0,https://www.visitbanjarmasin.id/en/explore/tempat-wisata-di-banjarmasin-timur,Tempat Wisata di Banjarmasin Timur in Banjarmasin | Visit Banjarmasin,text/html; charset=utf-8,false,200,0,false,https://visitbanjarmasin.id/en/explore/tempat-wisata-di-banjarmasin-timur,308,,,0,1,https://visitbanjarmasin.id/en/explore/tempat-wisata-di-banjarmasin-timur
0,https://www.visitbanjarmasin.id/zh/explore/tempat-nongkrong-di-kayutangi,Tempat Nongkrong di Kayutangi（班贾尔马辛）| 马辰旅游,text/html; charset=utf-8,false,200,0,false,https://visitbanjarmasin.id/zh/explore/tempat-nongkrong-di-kayutangi,308,,,0,1,https://visitbanjarmasin.id/zh/explore/tempat-nongkrong-di-kayutangi
0,https://www.visitbanjarmasin.id/explore/wisata-kuliner-di-banjarmasin-utara,Wisata Kuliner di Banjarmasin Utara | Visit Banjarmasin,text/html; charset=utf-8,false,200,0,false,https://visitbanjarmasin.id/explore/wisata-kuliner-di-banjarmasin-utara,308,,,0,1,https://visitbanjarmasin.id/explore/wisata-kuliner-di-banjarmasin-utara
0,https://www.visitbanjarmasin.id/explore/hotel-murah-di-banjarmasin-selatan,Hotel Murah di Banjarmasin Selatan | Visit Banjarmasin,text/html; charset=utf-8,false,200,0,false,https://visitbanjarmasin.id/explore/hotel-murah-di-banjarmasin-selatan,308,,,0,1,https://visitbanjarmasin.id/explore/hotel-murah-di-banjarmasin-selatan
0,https://www.visitbanjarmasin.id/zh/explore/hotel-murah-di-sungai-andai,Hotel Murah di Sungai Andai（班贾尔马辛）| 马辰旅游,text/html; charset=utf-8,false,200,0,false,https://visitbanjarmasin.id/zh/explore/hotel-murah-di-sungai-andai,308,,,0,1,https://visitbanjarmasin.id/zh/explore/hotel-murah-di-sungai-andai
0,https://www.visitbanjarmasin.id/zh/explore/tempat-nongkrong-di-lok-baintan,Tempat Nongkrong di Lok Baintan（班贾尔马辛）| 马辰旅游,text/html; charset=utf-8,false,200,0,false,https://visitbanjarmasin.id/zh/explore/tempat-nongkrong-di-lok-baintan,308,,,0,1,https://visitbanjarmasin.id/zh/explore/tempat-nongkrong-di-lok-baintan
0,https://www.visitbanjarmasin.id/ms/explore/hotel-murah-di-kuin,Hotel Murah di Kuin di Banjarmasin | Visit Banjarmasin,text/html; charset=utf-8,false,200,0,false,https://visitbanjarmasin.id/ms/explore/hotel-murah-di-kuin,308,,,0,1,https://visitbanjarmasin.id/ms/explore/hotel-murah-di-kuin
0,https://www.visitbanjarmasin.id/zh/explore/hotel-murah-di-lok-baintan,Hotel Murah di Lok Baintan（班贾尔马辛）| 马辰旅游,text/html; charset=utf-8,false,200,0,false,https://visitbanjarmasin.id/zh/explore/hotel-murah-di-lok-baintan,308,,,0,1,https://visitbanjarmasin.id/zh/explore/hotel-murah-di-lok-baintan
0,https://www.visitbanjarmasin.id/zh/profil-kota,马辰城市概况与千河之城发展愿景 | Visit Banjarmasin,text/html; charset=utf-8,false,200,0,false,https://visitbanjarmasin.id/zh/profil-kota,308,,,0,1,https://visitbanjarmasin.id/zh/profil-kota
0,https://www.visitbanjarmasin.id/explore/oleh-oleh-khas-di-banjarmasin-utara,Oleh-oleh Khas di Banjarmasin Utara | Visit Banjarmasin,text/html; charset=utf-8,false,200,0,false,https://visitbanjarmasin.id/explore/oleh-oleh-khas-di-banjarmasin-utara,308,,,0,1,https://visitbanjarmasin.id/explore/oleh-oleh-khas-di-banjarmasin-utara
0,https://www.visitbanjarmasin.id/en/profil-kota,City Profile & Vision of Banjarmasin | Visit Banjarmasin,text/html; charset=utf-8,false,200,0,false,https://visitbanjarmasin.id/en/profil-kota,308,,,0,1,https://visitbanjarmasin.id/en/profil-kota
0,https://www.visitbanjarmasin.id/explore/wisata-kuliner-di-banjarmasin-selatan,Wisata Kuliner di Banjarmasin Selatan | Visit Banjarmasin,text/html; charset=utf-8,false,200,0,false,https://visitbanjarmasin.id/explore/wisata-kuliner-di-banjarmasin-selatan,308,,,0,2,https://visitbanjarmasin.id/explore/wisata-kuliner-di-banjarmasin-selatan
0,https://www.visitbanjarmasin.id/en/explore/oleh-oleh-khas-di-banjarmasin-tengah,Oleh-oleh Khas di Banjarmasin Tengah in Banjarmasin | Visit Banjarmasin,text/html; charset=utf-8,false,200,0,false,https://visitbanjarmasin.id/en/explore/oleh-oleh-khas-di-banjarmasin-tengah,308,,,0,1,https://visitbanjarmasin.id/en/explore/oleh-oleh-khas-di-banjarmasin-tengah
0,https://www.visitbanjarmasin.id/en/explore/sewa-mobil-di-sultan-adam,Sewa Mobil di Sultan Adam in Banjarmasin | Visit Banjarmasin,text/html; charset=utf-8,false,200,0,false,https://visitbanjarmasin.id/en/explore/sewa-mobil-di-sultan-adam,308,,,0,1,https://visitbanjarmasin.id/en/explore/sewa-mobil-di-sultan-adam
0,https://www.visitbanjarmasin.id/ms/explore/wisata-malam-di-gatot-subroto,Wisata Malam di Gatot Subroto di Banjarmasin | Visit Banjarmasin,text/html; charset=utf-8,false,200,0,false,https://visitbanjarmasin.id/ms/explore/wisata-malam-di-gatot-subroto,308,,,0,1,https://visitbanjarmasin.id/ms/explore/wisata-malam-di-gatot-subroto
0,https://www.visitbanjarmasin.id/ms/explore/oleh-oleh-khas-di-kayutangi,Oleh-oleh Khas di Kayutangi di Banjarmasin | Visit Banjarmasin,text/html; charset=utf-8,false,200,0,false,https://visitbanjarmasin.id/ms/explore/oleh-oleh-khas-di-kayutangi,308,,,0,1,https://visitbanjarmasin.id/ms/explore/oleh-oleh-khas-di-kayutangi
0,https://www.visitbanjarmasin.id/en/explore/tempat-nongkrong-di-lok-baintan,Tempat Nongkrong di Lok Baintan in Banjarmasin | Visit Banjarmasin,text/html; charset=utf-8,false,200,0,false,https://visitbanjarmasin.id/en/explore/tempat-nongkrong-di-lok-baintan,308,,,0,1,https://visitbanjarmasin.id/en/explore/tempat-nongkrong-di-lok-baintan
0,https://www.visitbanjarmasin.id/zh/explore/wisata-kuliner-di-sultan-adam,Wisata Kuliner di Sultan Adam（班贾尔马辛）| 马辰旅游,text/html; charset=utf-8,false,200,0,false,https://visitbanjarmasin.id/zh/explore/wisata-kuliner-di-sultan-adam,308,,,0,1,https://visitbanjarmasin.id/zh/explore/wisata-kuliner-di-sultan-adam
0,https://www.visitbanjarmasin.id/explore/tempat-nongkrong-di-kayutangi,Tempat Nongkrong di Kayutangi | Visit Banjarmasin,text/html; charset=utf-8,false,200,0,false,https://visitbanjarmasin.id/explore/tempat-nongkrong-di-kayutangi,308,,,0,2,https://visitbanjarmasin.id/explore/tempat-nongkrong-di-kayutangi
0,https://www.visitbanjarmasin.id/explore/wisata-malam-di-kuin,Wisata Malam di Kuin | Visit Banjarmasin,text/html; charset=utf-8,false,200,0,false,https://visitbanjarmasin.id/explore/wisata-malam-di-kuin,308,,,0,1,https://visitbanjarmasin.id/explore/wisata-malam-di-kuin
0,https://www.visitbanjarmasin.id/ms/explore/wisata-malam-di-banjarmasin-selatan,Wisata Malam di Banjarmasin Selatan di Banjarmasin | Visit Banjarmasin,text/html; charset=utf-8,false,200,0,false,https://visitbanjarmasin.id/ms/explore/wisata-malam-di-banjarmasin-selatan,308,,,0,1,https://visitbanjarmasin.id/ms/explore/wisata-malam-di-banjarmasin-selatan
0,https://www.visitbanjarmasin.id/explore/wisata-kuliner-di-banjarmasin-timur,Wisata Kuliner di Banjarmasin Timur | Visit Banjarmasin,text/html; charset=utf-8,false,200,0,false,https://visitbanjarmasin.id/explore/wisata-kuliner-di-banjarmasin-timur,308,,,0,1,https://visitbanjarmasin.id/explore/wisata-kuliner-di-banjarmasin-timur
0,https://www.visitbanjarmasin.id/zh/explore/tempat-wisata-di-sungai-andai,Tempat Wisata di Sungai Andai（班贾尔马辛）| 马辰旅游,text/html; charset=utf-8,false,200,0,false,https://visitbanjarmasin.id/zh/explore/tempat-wisata-di-sungai-andai,308,,,0,1,https://visitbanjarmasin.id/zh/explore/tempat-wisata-di-sungai-andai
0,https://www.visitbanjarmasin.id/ms/explore/wisata-kuliner-di-kuin,Wisata Kuliner di Kuin di Banjarmasin | Visit Banjarmasin,text/html; charset=utf-8,false,200,0,false,https://visitbanjarmasin.id/ms/explore/wisata-kuliner-di-kuin,308,,,0,1,https://visitbanjarmasin.id/ms/explore/wisata-kuliner-di-kuin
0,https://www.visitbanjarmasin.id/ms/explore/oleh-oleh-khas-di-kuin,Oleh-oleh Khas di Kuin di Banjarmasin | Visit Banjarmasin,text/html; charset=utf-8,false,200,0,false,https://visitbanjarmasin.id/ms/explore/oleh-oleh-khas-di-kuin,308,,,0,1,https://visitbanjarmasin.id/ms/explore/oleh-oleh-khas-di-kuin
0,https://www.visitbanjarmasin.id/en/explore/tempat-wisata-di-kayutangi,Tempat Wisata di Kayutangi in Banjarmasin | Visit Banjarmasin,text/html; charset=utf-8,false,200,0,false,https://visitbanjarmasin.id/en/explore/tempat-wisata-di-kayutangi,308,,,0,1,https://visitbanjarmasin.id/en/explore/tempat-wisata-di-kayutangi
0,https://www.visitbanjarmasin.id/zh/explore/oleh-oleh-khas-di-gatot-subroto,Oleh-oleh Khas di Gatot Subroto（班贾尔马辛）| 马辰旅游,text/html; charset=utf-8,false,200,0,false,https://visitbanjarmasin.id/zh/explore/oleh-oleh-khas-di-gatot-subroto,308,,,0,1,https://visitbanjarmasin.id/zh/explore/oleh-oleh-khas-di-gatot-subroto
0,https://www.visitbanjarmasin.id/zh/explore/wisata-kuliner-di-banjarmasin-utara,Wisata Kuliner di Banjarmasin Utara（班贾尔马辛）| 马辰旅游,text/html; charset=utf-8,false,200,0,false,https://visitbanjarmasin.id/zh/explore/wisata-kuliner-di-banjarmasin-utara,308,,,0,1,https://visitbanjarmasin.id/zh/explore/wisata-kuliner-di-banjarmasin-utara
0,https://www.visitbanjarmasin.id/en/explore/sewa-mobil-di-gatot-subroto,Sewa Mobil di Gatot Subroto in Banjarmasin | Visit Banjarmasin,text/html; charset=utf-8,false,200,0,false,https://visitbanjarmasin.id/en/explore/sewa-mobil-di-gatot-subroto,308,,,0,1,https://visitbanjarmasin.id/en/explore/sewa-mobil-di-gatot-subroto
0,https://www.visitbanjarmasin.id/en/explore/tempat-wisata-di-lok-baintan,Tempat Wisata di Lok Baintan in Banjarmasin | Visit Banjarmasin,text/html; charset=utf-8,false,200,0,false,https://visitbanjarmasin.id/en/explore/tempat-wisata-di-lok-baintan,308,,,0,1,https://visitbanjarmasin.id/en/explore/tempat-wisata-di-lok-baintan
0,https://www.visitbanjarmasin.id/ms/explore/oleh-oleh-khas-di-banjarmasin-barat,Oleh-oleh Khas di Banjarmasin Barat di Banjarmasin | Visit Banjarmasin,text/html; charset=utf-8,false,200,0,false,https://visitbanjarmasin.id/ms/explore/oleh-oleh-khas-di-banjarmasin-barat,308,,,0,1,https://visitbanjarmasin.id/ms/explore/oleh-oleh-khas-di-banjarmasin-barat
0,https://www.visitbanjarmasin.id/en/explore/hotel-murah-di-banjarmasin-timur,Hotel Murah di Banjarmasin Timur in Banjarmasin | Visit Banjarmasin,text/html; charset=utf-8,false,200,0,false,https://visitbanjarmasin.id/en/explore/hotel-murah-di-banjarmasin-timur,308,,,0,1,https://visitbanjarmasin.id/en/explore/hotel-murah-di-banjarmasin-timur
0,https://www.visitbanjarmasin.id/ms/blog/5-tempat-nongkrong-di-banjarmasin,5 Tempat Lepak Petang di Tepi Sungai Martapura yang Wajib Dilawati | Visit Banjarmasin Blog,text/html; charset=utf-8,false,200,0,false,https://visitbanjarmasin.id/ms/blog/5-tempat-nongkrong-di-banjarmasin,308,,,0,5,https://visitbanjarmasin.id/ms/blog/5-tempat-nongkrong-di-banjarmasin
0,https://www.visitbanjarmasin.id/en/explore/wisata-malam-di-banjarmasin-utara,Wisata Malam di Banjarmasin Utara in Banjarmasin | Visit Banjarmasin,text/html; charset=utf-8,false,200,0,false,https://visitbanjarmasin.id/en/explore/wisata-malam-di-banjarmasin-utara,308,,,0,1,https://visitbanjarmasin.id/en/explore/wisata-malam-di-banjarmasin-utara
0,https://www.visitbanjarmasin.id/zh/explore/sewa-mobil-di-sungai-andai,Sewa Mobil di Sungai Andai（班贾尔马辛）| 马辰旅游,text/html; charset=utf-8,false,200,0,false,https://visitbanjarmasin.id/zh/explore/sewa-mobil-di-sungai-andai,308,,,0,1,https://visitbanjarmasin.id/zh/explore/sewa-mobil-di-sungai-andai
0,https://www.visitbanjarmasin.id/explore/oleh-oleh-khas-di-banjarmasin-timur,Oleh-oleh Khas di Banjarmasin Timur | Visit Banjarmasin,text/html; charset=utf-8,false,200,0,false,https://visitbanjarmasin.id/explore/oleh-oleh-khas-di-banjarmasin-timur,308,,,0,1,https://visitbanjarmasin.id/explore/oleh-oleh-khas-di-banjarmasin-timur
0,https://www.visitbanjarmasin.id/explore/hotel-murah-di-kayutangi,Hotel Murah di Kayutangi | Visit Banjarmasin,text/html; charset=utf-8,false,200,0,false,https://visitbanjarmasin.id/explore/hotel-murah-di-kayutangi,308,,,0,1,https://visitbanjarmasin.id/explore/hotel-murah-di-kayutangi
0,https://www.visitbanjarmasin.id/explore/tempat-wisata-di-gatot-subroto,Tempat Wisata di Gatot Subroto | Visit Banjarmasin,text/html; charset=utf-8,false,200,0,false,https://visitbanjarmasin.id/explore/tempat-wisata-di-gatot-subroto,308,,,0,1,https://visitbanjarmasin.id/explore/tempat-wisata-di-gatot-subroto
0,https://www.visitbanjarmasin.id/en/explore/tempat-nongkrong-di-banjarmasin-selatan,Tempat Nongkrong di Banjarmasin Selatan in Banjarmasin | Visit Banjarmasin,text/html; charset=utf-8,false,200,0,false,https://visitbanjarmasin.id/en/explore/tempat-nongkrong-di-banjarmasin-selatan,308,,,0,1,https://visitbanjarmasin.id/en/explore/tempat-nongkrong-di-banjarmasin-selatan
0,https://www.visitbanjarmasin.id/ms/explore/hotel-murah-di-sultan-adam,Hotel Murah di Sultan Adam di Banjarmasin | Visit Banjarmasin,text/html; charset=utf-8,false,200,0,false,https://visitbanjarmasin.id/ms/explore/hotel-murah-di-sultan-adam,308,,,0,1,https://visitbanjarmasin.id/ms/explore/hotel-murah-di-sultan-adam
0,https://www.visitbanjarmasin.id/ms/explore/tempat-wisata-di-banjarmasin-utara,Tempat Wisata di Banjarmasin Utara di Banjarmasin | Visit Banjarmasin,text/html; charset=utf-8,false,200,0,false,https://visitbanjarmasin.id/ms/explore/tempat-wisata-di-banjarmasin-utara,308,,,0,1,https://visitbanjarmasin.id/ms/explore/tempat-wisata-di-banjarmasin-utara
0,https://www.visitbanjarmasin.id/ms/explore/tempat-wisata-di-banjarmasin-barat,Tempat Wisata di Banjarmasin Barat di Banjarmasin | Visit Banjarmasin,text/html; charset=utf-8,false,200,0,false,https://visitbanjarmasin.id/ms/explore/tempat-wisata-di-banjarmasin-barat,308,,,0,1,https://visitbanjarmasin.id/ms/explore/tempat-wisata-di-banjarmasin-barat
0,https://www.visitbanjarmasin.id/en/explore/wisata-malam-di-lok-baintan,Wisata Malam di Lok Baintan in Banjarmasin | Visit Banjarmasin,text/html; charset=utf-8,false,200,0,false,https://visitbanjarmasin.id/en/explore/wisata-malam-di-lok-baintan,308,,,0,1,https://visitbanjarmasin.id/en/explore/wisata-malam-di-lok-baintan
0,https://www.visitbanjarmasin.id/ms/explore/sewa-mobil-di-banjarmasin-selatan,Sewa Mobil di Banjarmasin Selatan di Banjarmasin | Visit Banjarmasin,text/html; charset=utf-8,false,200,0,false,https://visitbanjarmasin.id/ms/explore/sewa-mobil-di-banjarmasin-selatan,308,,,0,1,https://visitbanjarmasin.id/ms/explore/sewa-mobil-di-banjarmasin-selatan
0,https://www.visitbanjarmasin.id/en/blog,Blog & Travel Articles | Visit Banjarmasin,text/html; charset=utf-8,false,200,0,false,https://visitbanjarmasin.id/en/blog,308,,,0,5,https://visitbanjarmasin.id/en/blog
0,https://www.visitbanjarmasin.id/en/explore/wisata-malam-di-banjarmasin-barat,Wisata Malam di Banjarmasin Barat in Banjarmasin | Visit Banjarmasin,text/html; charset=utf-8,false,200,0,false,https://visitbanjarmasin.id/en/explore/wisata-malam-di-banjarmasin-barat,308,,,0,1,https://visitbanjarmasin.id/en/explore/wisata-malam-di-banjarmasin-barat
0,https://www.visitbanjarmasin.id/zh/blog/panduan-naik-brt-banjarbakula,游客使用 BRT Trans Banjarbakula 交通工具指南 | Visit Banjarmasin Blog,text/html; charset=utf-8,false,200,0,false,https://visitbanjarmasin.id/zh/blog/panduan-naik-brt-banjarbakula,308,,,0,5,https://visitbanjarmasin.id/zh/blog/panduan-naik-brt-banjarbakula
0,https://www.visitbanjarmasin.id/en/blog/filosofi-wastra-kain-sasirangan-banjar,Textile Wonders: The Philosophical Meaning Behind Sasirangan Fabric Motifs | Visit Banjarmasin Blog,text/html; charset=utf-8,false,200,0,false,https://visitbanjarmasin.id/en/blog/filosofi-wastra-kain-sasirangan-banjar,308,,,0,5,https://visitbanjarmasin.id/en/blog/filosofi-wastra-kain-sasirangan-banjar
0,https://www.visitbanjarmasin.id/en/explore/sewa-mobil-di-banjarmasin-tengah,Sewa Mobil di Banjarmasin Tengah in Banjarmasin | Visit Banjarmasin,text/html; charset=utf-8,false,200,0,false,https://visitbanjarmasin.id/en/explore/sewa-mobil-di-banjarmasin-tengah,308,,,0,1,https://visitbanjarmasin.id/en/explore/sewa-mobil-di-banjarmasin-tengah
0,https://www.visitbanjarmasin.id/zh/explore/tempat-nongkrong-di-banjarmasin-selatan,Tempat Nongkrong di Banjarmasin Selatan（班贾尔马辛）| 马辰旅游,text/html; charset=utf-8,false,200,0,false,https://visitbanjarmasin.id/zh/explore/tempat-nongkrong-di-banjarmasin-selatan,308,,,0,1,https://visitbanjarmasin.id/zh/explore/tempat-nongkrong-di-banjarmasin-selatan
0,https://www.visitbanjarmasin.id/en/explore/oleh-oleh-khas-di-banjarmasin-barat,Oleh-oleh Khas di Banjarmasin Barat in Banjarmasin | Visit Banjarmasin,text/html; charset=utf-8,false,200,0,false,https://visitbanjarmasin.id/en/explore/oleh-oleh-khas-di-banjarmasin-barat,308,,,0,1,https://visitbanjarmasin.id/en/explore/oleh-oleh-khas-di-banjarmasin-barat
0,https://www.visitbanjarmasin.id/en/explore/sewa-mobil-di-banjarmasin-timur,Sewa Mobil di Banjarmasin Timur in Banjarmasin | Visit Banjarmasin,text/html; charset=utf-8,false,200,0,false,https://visitbanjarmasin.id/en/explore/sewa-mobil-di-banjarmasin-timur,308,,,0,1,https://visitbanjarmasin.id/en/explore/sewa-mobil-di-banjarmasin-timur
0,https://www.visitbanjarmasin.id/en/explore/tempat-nongkrong-di-sungai-andai,Tempat Nongkrong di Sungai Andai in Banjarmasin | Visit Banjarmasin,text/html; charset=utf-8,false,200,0,false,https://visitbanjarmasin.id/en/explore/tempat-nongkrong-di-sungai-andai,308,,,0,1,https://visitbanjarmasin.id/en/explore/tempat-nongkrong-di-sungai-andai
0,https://www.visitbanjarmasin.id/ms/explore/wisata-kuliner-di-banjarmasin-tengah,Wisata Kuliner di Banjarmasin Tengah di Banjarmasin | Visit Banjarmasin,text/html; charset=utf-8,false,200,0,false,https://visitbanjarmasin.id/ms/explore/wisata-kuliner-di-banjarmasin-tengah,308,,,0,1,https://visitbanjarmasin.id/ms/explore/wisata-kuliner-di-banjarmasin-tengah
0,https://www.visitbanjarmasin.id/en/explore/tempat-wisata-di-sungai-andai,Tempat Wisata di Sungai Andai in Banjarmasin | Visit Banjarmasin,text/html; charset=utf-8,false,200,0,false,https://visitbanjarmasin.id/en/explore/tempat-wisata-di-sungai-andai,308,,,0,1,https://visitbanjarmasin.id/en/explore/tempat-wisata-di-sungai-andai
0,https://www.visitbanjarmasin.id/zh/explore/wisata-malam-di-sungai-andai,Wisata Malam di Sungai Andai（班贾尔马辛）| 马辰旅游,text/html; charset=utf-8,false,200,0,false,https://visitbanjarmasin.id/zh/explore/wisata-malam-di-sungai-andai,308,,,0,1,https://visitbanjarmasin.id/zh/explore/wisata-malam-di-sungai-andai
0,https://www.visitbanjarmasin.id/profil-kota,"Profil Kota Banjarmasin: Visi, Pimpinan & Tata Kota | Visit Banjarmasin",text/html; charset=utf-8,false,200,0,false,https://visitbanjarmasin.id/profil-kota,308,,,0,1,https://visitbanjarmasin.id/profil-kota
0,https://www.visitbanjarmasin.id/zh/explore/wisata-kuliner-di-kayutangi,Wisata Kuliner di Kayutangi（班贾尔马辛）| 马辰旅游,text/html; charset=utf-8,false,200,0,false,https://visitbanjarmasin.id/zh/explore/wisata-kuliner-di-kayutangi,308,,,0,1,https://visitbanjarmasin.id/zh/explore/wisata-kuliner-di-kayutangi
0,https://www.visitbanjarmasin.id/zh/explore/hotel-murah-di-banjarmasin-utara,Hotel Murah di Banjarmasin Utara（班贾尔马辛）| 马辰旅游,text/html; charset=utf-8,false,200,0,false,https://visitbanjarmasin.id/zh/explore/hotel-murah-di-banjarmasin-utara,308,,,0,1,https://visitbanjarmasin.id/zh/explore/hotel-murah-di-banjarmasin-utara
0,https://www.visitbanjarmasin.id/en/explore/hotel-murah-di-banjarmasin-selatan,Hotel Murah di Banjarmasin Selatan in Banjarmasin | Visit Banjarmasin,text/html; charset=utf-8,false,200,0,false,https://visitbanjarmasin.id/en/explore/hotel-murah-di-banjarmasin-selatan,308,,,0,1,https://visitbanjarmasin.id/en/explore/hotel-murah-di-banjarmasin-selatan
